,2010,2011,2012,2013,2014,2015,2016,2017,2018,2019,2020
0,2010-01-01,2011-01-01,2012-01-01,2013-01-01,2014-01-01,2015-01-01,2016-01-01,2017-01-01,2018-01-01,2019-01-01,2020-01-01
1,2010-01-02,2011-01-02,2012-01-02,2013-01-02,2014-01-02,2015-01-02,2016-01-02,2017-01-02,2018-01-02,2019-01-02,2020-01-02
2,2010-01-03,2011-01-03,2012-01-03,2013-01-03,2014-01-03,2015-01-03,2016-01-03,2017-01-03,2018-01-03,2019-01-03,2020-01-03
3,2010-01-04,2011-01-04,2012-01-04,2013-01-04,2014-01-04,2015-01-04,2016-01-04,2017-01-04,2018-01-04,2019-01-04,2020-01-04
4,2010-01-05,2011-01-05,2012-01-05,2013-01-05,2014-01-05,2015-01-05,2016-01-05,2017-01-05,2018-01-05,2019-01-05,2020-01-05
5,2010-01-06,2011-01-06,2012-01-06,2013-01-06,2014-01-06,2015-01-06,2016-01-06,2017-01-06,2018-01-06,2019-01-06,2020-01-06
6,2010-01-07,2011-01-07,2012-01-07,2013-01-07,2014-01-07,2015-01-07,2016-01-07,2017-01-07,2018-01-07,2019-01-07,2020-01-07
7,2010-01-08,2011-01-08,2012-01-08,2013-01-08,2014-01-08,2015-01-08,2016-01-08,2017-01-08,2018-01-08,2019-01-08,2020-01-08
8,2010-01-09,2011-01-09,2012-01-09,2013-01-09,2014-01-09,2015-01-09,2016-01-09,2017-01-09,2018-01-09,2019-01-09,2020-01-09
9,2010-01-10,2011-01-10,2012-01-10,2013-01-10,2014-01-10,2015-01-10,2016-01-10,2017-01-10,2018-01-10,2019-01-10,2020-01-10
10,2010-01-11,2011-01-11,2012-01-11,2013-01-11,2014-01-11,2015-01-11,2016-01-11,2017-01-11,2018-01-11,2019-01-11,2020-01-11
11,2010-01-12,2011-01-12,2012-01-12,2013-01-12,2014-01-12,2015-01-12,2016-01-12,2017-01-12,2018-01-12,2019-01-12,2020-01-12
12,2010-01-13,2011-01-13,2012-01-13,2013-01-13,2014-01-13,2015-01-13,2016-01-13,2017-01-13,2018-01-13,2019-01-13,2020-01-13
13,2010-01-14,2011-01-14,2012-01-14,2013-01-14,2014-01-14,2015-01-14,2016-01-14,2017-01-14,2018-01-14,2019-01-14,2020-01-14
14,2010-01-15,2011-01-15,2012-01-15,2013-01-15,2014-01-15,2015-01-15,2016-01-15,2017-01-15,2018-01-15,2019-01-15,2020-01-15
15,2010-01-16,2011-01-16,2012-01-16,2013-01-16,2014-01-16,2015-01-16,2016-01-16,2017-01-16,2018-01-16,2019-01-16,2020-01-16
16,2010-01-17,2011-01-17,2012-01-17,2013-01-17,2014-01-17,2015-01-17,2016-01-17,2017-01-17,2018-01-17,2019-01-17,2020-01-17
17,2010-01-18,2011-01-18,2012-01-18,2013-01-18,2014-01-18,2015-01-18,2016-01-18,2017-01-18,2018-01-18,2019-01-18,2020-01-18
18,2010-01-19,2011-01-19,2012-01-19,2013-01-19,2014-01-19,2015-01-19,2016-01-19,2017-01-19,2018-01-19,2019-01-19,2020-01-19
19,2010-01-20,2011-01-20,2012-01-20,2013-01-20,2014-01-20,2015-01-20,2016-01-20,2017-01-20,2018-01-20,2019-01-20,2020-01-20
20,2010-01-21,2011-01-21,2012-01-21,2013-01-21,2014-01-21,2015-01-21,2016-01-21,2017-01-21,2018-01-21,2019-01-21,2020-01-21
21,2010-01-22,2011-01-22,2012-01-22,2013-01-22,2014-01-22,2015-01-22,2016-01-22,2017-01-22,2018-01-22,2019-01-22,2020-01-22
22,2010-01-23,2011-01-23,2012-01-23,2013-01-23,2014-01-23,2015-01-23,2016-01-23,2017-01-23,2018-01-23,2019-01-23,2020-01-23
23,2010-01-24,2011-01-24,2012-01-24,2013-01-24,2014-01-24,2015-01-24,2016-01-24,2017-01-24,2018-01-24,2019-01-24,2020-01-24
24,2010-01-25,2011-01-25,2012-01-25,2013-01-25,2014-01-25,2015-01-25,2016-01-25,2017-01-25,2018-01-25,2019-01-25,2020-01-25
25,2010-01-26,2011-01-26,2012-01-26,2013-01-26,2014-01-26,2015-01-26,2016-01-26,2017-01-26,2018-01-26,2019-01-26,2020-01-26
26,2010-01-27,2011-01-27,2012-01-27,2013-01-27,2014-01-27,2015-01-27,2016-01-27,2017-01-27,2018-01-27,2019-01-27,2020-01-27
27,2010-01-28,2011-01-28,2012-01-28,2013-01-28,2014-01-28,2015-01-28,2016-01-28,2017-01-28,2018-01-28,2019-01-28,2020-01-28
28,2010-01-29,2011-01-29,2012-01-29,2013-01-29,2014-01-29,2015-01-29,2016-01-29,2017-01-29,2018-01-29,2019-01-29,2020-01-29
29,2010-01-30,2011-01-30,2012-01-30,2013-01-30,2014-01-30,2015-01-30,2016-01-30,2017-01-30,2018-01-30,2019-01-30,2020-01-30
30,2010-01-31,2011-01-31,2012-01-31,2013-01-31,2014-01-31,2015-01-31,2016-01-31,2017-01-31,2018-01-31,2019-01-31,2020-01-31
31,2010-02-01,2011-02-01,2012-02-01,2013-02-01,2014-02-01,2015-02-01,2016-02-01,2017-02-01,2018-02-01,2019-02-01,2020-02-01
32,2010-02-02,2011-02-02,2012-02-02,2013-02-02,2014-02-02,2015-02-02,2016-02-02,2017-02-02,2018-02-02,2019-02-02,2020-02-02
33,2010-02-03,2011-02-03,2012-02-03,2013-02-03,2014-02-03,2015-02-03,2016-02-03,2017-02-03,2018-02-03,2019-02-03,2020-02-03
34,2010-02-04,2011-02-04,2012-02-04,2013-02-04,2014-02-04,2015-02-04,2016-02-04,2017-02-04,2018-02-04,2019-02-04,2020-02-04
35,2010-02-05,2011-02-05,2012-02-05,2013-02-05,2014-02-05,2015-02-05,2016-02-05,2017-02-05,2018-02-05,2019-02-05,2020-02-05
36,2010-02-06,2011-02-06,2012-02-06,2013-02-06,2014-02-06,2015-02-06,2016-02-06,2017-02-06,2018-02-06,2019-02-06,2020-02-06
37,2010-02-07,2011-02-07,2012-02-07,2013-02-07,2014-02-07,2015-02-07,2016-02-07,2017-02-07,2018-02-07,2019-02-07,2020-02-07
38,2010-02-08,2011-02-08,2012-02-08,2013-02-08,2014-02-08,2015-02-08,2016-02-08,2017-02-08,2018-02-08,2019-02-08,2020-02-08
39,2010-02-09,2011-02-09,2012-02-09,2013-02-09,2014-02-09,2015-02-09,2016-02-09,2017-02-09,2018-02-09,2019-02-09,2020-02-09
40,2010-02-10,2011-02-10,2012-02-10,2013-02-10,2014-02-10,2015-02-10,2016-02-10,2017-02-10,2018-02-10,2019-02-10,2020-02-10
41,2010-02-11,2011-02-11,2012-02-11,2013-02-11,2014-02-11,2015-02-11,2016-02-11,2017-02-11,2018-02-11,2019-02-11,2020-02-11
42,2010-02-12,2011-02-12,2012-02-12,2013-02-12,2014-02-12,2015-02-12,2016-02-12,2017-02-12,2018-02-12,2019-02-12,2020-02-12
43,2010-02-13,2011-02-13,2012-02-13,2013-02-13,2014-02-13,2015-02-13,2016-02-13,2017-02-13,2018-02-13,2019-02-13,2020-02-13
44,2010-02-14,2011-02-14,2012-02-14,2013-02-14,2014-02-14,2015-02-14,2016-02-14,2017-02-14,2018-02-14,2019-02-14,2020-02-14
45,2010-02-15,2011-02-15,2012-02-15,2013-02-15,2014-02-15,2015-02-15,2016-02-15,2017-02-15,2018-02-15,2019-02-15,2020-02-15
46,2010-02-16,2011-02-16,2012-02-16,2013-02-16,2014-02-16,2015-02-16,2016-02-16,2017-02-16,2018-02-16,2019-02-16,2020-02-16
47,2010-02-17,2011-02-17,2012-02-17,2013-02-17,2014-02-17,2015-02-17,2016-02-17,2017-02-17,2018-02-17,2019-02-17,2020-02-17
48,2010-02-18,2011-02-18,2012-02-18,2013-02-18,2014-02-18,2015-02-18,2016-02-18,2017-02-18,2018-02-18,2019-02-18,2020-02-18
49,2010-02-19,2011-02-19,2012-02-19,2013-02-19,2014-02-19,2015-02-19,2016-02-19,2017-02-19,2018-02-19,2019-02-19,2020-02-19
50,2010-02-20,2011-02-20,2012-02-20,2013-02-20,2014-02-20,2015-02-20,2016-02-20,2017-02-20,2018-02-20,2019-02-20,2020-02-20
51,2010-02-21,2011-02-21,2012-02-21,2013-02-21,2014-02-21,2015-02-21,2016-02-21,2017-02-21,2018-02-21,2019-02-21,2020-02-21
52,2010-02-22,2011-02-22,2012-02-22,2013-02-22,2014-02-22,2015-02-22,2016-02-22,2017-02-22,2018-02-22,2019-02-22,2020-02-22
53,2010-02-23,2011-02-23,2012-02-23,2013-02-23,2014-02-23,2015-02-23,2016-02-23,2017-02-23,2018-02-23,2019-02-23,2020-02-23
54,2010-02-24,2011-02-24,2012-02-24,2013-02-24,2014-02-24,2015-02-24,2016-02-24,2017-02-24,2018-02-24,2019-02-24,2020-02-24
55,2010-02-25,2011-02-25,2012-02-25,2013-02-25,2014-02-25,2015-02-25,2016-02-25,2017-02-25,2018-02-25,2019-02-25,2020-02-25
56,2010-02-26,2011-02-26,2012-02-26,2013-02-26,2014-02-26,2015-02-26,2016-02-26,2017-02-26,2018-02-26,2019-02-26,2020-02-26
57,2010-02-27,2011-02-27,2012-02-27,2013-02-27,2014-02-27,2015-02-27,2016-02-27,2017-02-27,2018-02-27,2019-02-27,2020-02-27
58,2010-02-28,2011-02-28,2012-02-29,2013-02-28,2014-02-28,2015-02-28,2016-02-29,2017-02-28,2018-02-28,2019-02-28,2020-02-29
59,2010-03-01,2011-03-01,2012-03-01,2013-03-01,2014-03-01,2015-03-01,2016-03-01,2017-03-01,2018-03-01,2019-03-01,2020-03-01
60,2010-03-02,2011-03-02,2012-03-02,2013-03-02,2014-03-02,2015-03-02,2016-03-02,2017-03-02,2018-03-02,2019-03-02,2020-03-02
61,2010-03-03,2011-03-03,2012-03-03,2013-03-03,2014-03-03,2015-03-03,2016-03-03,2017-03-03,2018-03-03,2019-03-03,2020-03-03
62,2010-03-04,2011-03-04,2012-03-04,2013-03-04,2014-03-04,2015-03-04,2016-03-04,2017-03-04,2018-03-04,2019-03-04,2020-03-04
63,2010-03-05,2011-03-05,2012-03-05,2013-03-05,2014-03-05,2015-03-05,2016-03-05,2017-03-05,2018-03-05,2019-03-05,2020-03-05
64,2010-03-06,2011-03-06,2012-03-06,2013-03-06,2014-03-06,2015-03-06,2016-03-06,2017-03-06,2018-03-06,2019-03-06,2020-03-06
65,2010-03-07,2011-03-07,2012-03-07,2013-03-07,2014-03-07,2015-03-07,2016-03-07,2017-03-07,2018-03-07,2019-03-07,2020-03-07
66,2010-03-08,2011-03-08,2012-03-08,2013-03-08,2014-03-08,2015-03-08,2016-03-08,2017-03-08,2018-03-08,2019-03-08,2020-03-08
67,2010-03-09,2011-03-09,2012-03-09,2013-03-09,2014-03-09,2015-03-09,2016-03-09,2017-03-09,2018-03-09,2019-03-09,2020-03-09
68,2010-03-10,2011-03-10,2012-03-10,2013-03-10,2014-03-10,2015-03-10,2016-03-10,2017-03-10,2018-03-10,2019-03-10,2020-03-10
69,2010-03-11,2011-03-11,2012-03-11,2013-03-11,2014-03-11,2015-03-11,2016-03-11,2017-03-11,2018-03-11,2019-03-11,2020-03-11
70,2010-03-12,2011-03-12,2012-03-12,2013-03-12,2014-03-12,2015-03-12,2016-03-12,2017-03-12,2018-03-12,2019-03-12,2020-03-12
71,2010-03-13,2011-03-13,2012-03-13,2013-03-13,2014-03-13,2015-03-13,2016-03-13,2017-03-13,2018-03-13,2019-03-13,2020-03-13
72,2010-03-14,2011-03-14,2012-03-14,2013-03-14,2014-03-14,2015-03-14,2016-03-14,2017-03-14,2018-03-14,2019-03-14,2020-03-14
73,2010-03-15,2011-03-15,2012-03-15,2013-03-15,2014-03-15,2015-03-15,2016-03-15,2017-03-15,2018-03-15,2019-03-15,2020-03-15
74,2010-03-16,2011-03-16,2012-03-16,2013-03-16,2014-03-16,2015-03-16,2016-03-16,2017-03-16,2018-03-16,2019-03-16,2020-03-16
75,2010-03-17,2011-03-17,2012-03-17,2013-03-17,2014-03-17,2015-03-17,2016-03-17,2017-03-17,2018-03-17,2019-03-17,2020-03-17
76,2010-03-18,2011-03-18,2012-03-18,2013-03-18,2014-03-18,2015-03-18,2016-03-18,2017-03-18,2018-03-18,2019-03-18,2020-03-18
77,2010-03-19,2011-03-19,2012-03-19,2013-03-19,2014-03-19,2015-03-19,2016-03-19,2017-03-19,2018-03-19,2019-03-19,2020-03-19
78,2010-03-20,2011-03-20,2012-03-20,2013-03-20,2014-03-20,2015-03-20,2016-03-20,2017-03-20,2018-03-20,2019-03-20,2020-03-20
79,2010-03-21,2011-03-21,2012-03-21,2013-03-21,2014-03-21,2015-03-21,2016-03-21,2017-03-21,2018-03-21,2019-03-21,2020-03-21
80,2010-03-22,2011-03-22,2012-03-22,2013-03-22,2014-03-22,2015-03-22,2016-03-22,2017-03-22,2018-03-22,2019-03-22,2020-03-22
81,2010-03-23,2011-03-23,2012-03-23,2013-03-23,2014-03-23,2015-03-23,2016-03-23,2017-03-23,2018-03-23,2019-03-23,2020-03-23
82,2010-03-24,2011-03-24,2012-03-24,2013-03-24,2014-03-24,2015-03-24,2016-03-24,2017-03-24,2018-03-24,2019-03-24,2020-03-24
83,2010-03-25,2011-03-25,2012-03-25,2013-03-25,2014-03-25,2015-03-25,2016-03-25,2017-03-25,2018-03-25,2019-03-25,2020-03-25
84,2010-03-26,2011-03-26,2012-03-26,2013-03-26,2014-03-26,2015-03-26,2016-03-26,2017-03-26,2018-03-26,2019-03-26,2020-03-26
85,2010-03-27,2011-03-27,2012-03-27,2013-03-27,2014-03-27,2015-03-27,2016-03-27,2017-03-27,2018-03-27,2019-03-27,2020-03-27
86,2010-03-28,2011-03-28,2012-03-28,2013-03-28,2014-03-28,2015-03-28,2016-03-28,2017-03-28,2018-03-28,2019-03-28,2020-03-28
87,2010-03-29,2011-03-29,2012-03-29,2013-03-29,2014-03-29,2015-03-29,2016-03-29,2017-03-29,2018-03-29,2019-03-29,2020-03-29
88,2010-03-30,2011-03-30,2012-03-30,2013-03-30,2014-03-30,2015-03-30,2016-03-30,2017-03-30,2018-03-30,2019-03-30,2020-03-30
89,2010-03-31,2011-03-31,2012-03-31,2013-03-31,2014-03-31,2015-03-31,2016-03-31,2017-03-31,2018-03-31,2019-03-31,2020-03-31
90,2010-04-01,2011-04-01,2012-04-01,2013-04-01,2014-04-01,2015-04-01,2016-04-01,2017-04-01,2018-04-01,2019-04-01,2020-04-01
91,2010-04-02,2011-04-02,2012-04-02,2013-04-02,2014-04-02,2015-04-02,2016-04-02,2017-04-02,2018-04-02,2019-04-02,2020-04-02
92,2010-04-03,2011-04-03,2012-04-03,2013-04-03,2014-04-03,2015-04-03,2016-04-03,2017-04-03,2018-04-03,2019-04-03,2020-04-03
93,2010-04-04,2011-04-04,2012-04-04,2013-04-04,2014-04-04,2015-04-04,2016-04-04,2017-04-04,2018-04-04,2019-04-04,2020-04-04
94,2010-04-05,2011-04-05,2012-04-05,2013-04-05,2014-04-05,2015-04-05,2016-04-05,2017-04-05,2018-04-05,2019-04-05,2020-04-05
95,2010-04-06,2011-04-06,2012-04-06,2013-04-06,2014-04-06,2015-04-06,2016-04-06,2017-04-06,2018-04-06,2019-04-06,2020-04-06
96,2010-04-07,2011-04-07,2012-04-07,2013-04-07,2014-04-07,2015-04-07,2016-04-07,2017-04-07,2018-04-07,2019-04-07,2020-04-07
97,2010-04-08,2011-04-08,2012-04-08,2013-04-08,2014-04-08,2015-04-08,2016-04-08,2017-04-08,2018-04-08,2019-04-08,2020-04-08
98,2010-04-09,2011-04-09,2012-04-09,2013-04-09,2014-04-09,2015-04-09,2016-04-09,2017-04-09,2018-04-09,2019-04-09,2020-04-09
99,2010-04-10,2011-04-10,2012-04-10,2013-04-10,2014-04-10,2015-04-10,2016-04-10,2017-04-10,2018-04-10,2019-04-10,2020-04-10
100,2010-04-11,2011-04-11,2012-04-11,2013-04-11,2014-04-11,2015-04-11,2016-04-11,2017-04-11,2018-04-11,2019-04-11,2020-04-11
101,2010-04-12,2011-04-12,2012-04-12,2013-04-12,2014-04-12,2015-04-12,2016-04-12,2017-04-12,2018-04-12,2019-04-12,2020-04-12
102,2010-04-13,2011-04-13,2012-04-13,2013-04-13,2014-04-13,2015-04-13,2016-04-13,2017-04-13,2018-04-13,2019-04-13,2020-04-13
103,2010-04-14,2011-04-14,2012-04-14,2013-04-14,2014-04-14,2015-04-14,2016-04-14,2017-04-14,2018-04-14,2019-04-14,2020-04-14
104,2010-04-15,2011-04-15,2012-04-15,2013-04-15,2014-04-15,2015-04-15,2016-04-15,2017-04-15,2018-04-15,2019-04-15,2020-04-15
105,2010-04-16,2011-04-16,2012-04-16,2013-04-16,2014-04-16,2015-04-16,2016-04-16,2017-04-16,2018-04-16,2019-04-16,2020-04-16
106,2010-04-17,2011-04-17,2012-04-17,2013-04-17,2014-04-17,2015-04-17,2016-04-17,2017-04-17,2018-04-17,2019-04-17,2020-04-17
107,2010-04-18,2011-04-18,2012-04-18,2013-04-18,2014-04-18,2015-04-18,2016-04-18,2017-04-18,2018-04-18,2019-04-18,2020-04-18
108,2010-04-19,2011-04-19,2012-04-19,2013-04-19,2014-04-19,2015-04-19,2016-04-19,2017-04-19,2018-04-19,2019-04-19,2020-04-19
109,2010-04-20,2011-04-20,2012-04-20,2013-04-20,2014-04-20,2015-04-20,2016-04-20,2017-04-20,2018-04-20,2019-04-20,2020-04-20
110,2010-04-21,2011-04-21,2012-04-21,2013-04-21,2014-04-21,2015-04-21,2016-04-21,2017-04-21,2018-04-21,2019-04-21,2020-04-21
111,2010-04-22,2011-04-22,2012-04-22,2013-04-22,2014-04-22,2015-04-22,2016-04-22,2017-04-22,2018-04-22,2019-04-22,2020-04-22
112,2010-04-23,2011-04-23,2012-04-23,2013-04-23,2014-04-23,2015-04-23,2016-04-23,2017-04-23,2018-04-23,2019-04-23,2020-04-23
113,2010-04-24,2011-04-24,2012-04-24,2013-04-24,2014-04-24,2015-04-24,2016-04-24,2017-04-24,2018-04-24,2019-04-24,2020-04-24
114,2010-04-25,2011-04-25,2012-04-25,2013-04-25,2014-04-25,2015-04-25,2016-04-25,2017-04-25,2018-04-25,2019-04-25,2020-04-25
115,2010-04-26,2011-04-26,2012-04-26,2013-04-26,2014-04-26,2015-04-26,2016-04-26,2017-04-26,2018-04-26,2019-04-26,2020-04-26
116,2010-04-27,2011-04-27,2012-04-27,2013-04-27,2014-04-27,2015-04-27,2016-04-27,2017-04-27,2018-04-27,2019-04-27,2020-04-27
117,2010-04-28,2011-04-28,2012-04-28,2013-04-28,2014-04-28,2015-04-28,2016-04-28,2017-04-28,2018-04-28,2019-04-28,2020-04-28
118,2010-04-29,2011-04-29,2012-04-29,2013-04-29,2014-04-29,2015-04-29,2016-04-29,2017-04-29,2018-04-29,2019-04-29,2020-04-29
119,2010-04-30,2011-04-30,2012-04-30,2013-04-30,2014-04-30,2015-04-30,2016-04-30,2017-04-30,2018-04-30,2019-04-30,2020-04-30
120,2010-05-01,2011-05-01,2012-05-01,2013-05-01,2014-05-01,2015-05-01,2016-05-01,2017-05-01,2018-05-01,2019-05-01,2020-05-01
121,2010-05-02,2011-05-02,2012-05-02,2013-05-02,2014-05-02,2015-05-02,2016-05-02,2017-05-02,2018-05-02,2019-05-02,2020-05-02
122,2010-05-03,2011-05-03,2012-05-03,2013-05-03,2014-05-03,2015-05-03,2016-05-03,2017-05-03,2018-05-03,2019-05-03,2020-05-03
123,2010-05-04,2011-05-04,2012-05-04,2013-05-04,2014-05-04,2015-05-04,2016-05-04,2017-05-04,2018-05-04,2019-05-04,2020-05-04
124,2010-05-05,2011-05-05,2012-05-05,2013-05-05,2014-05-05,2015-05-05,2016-05-05,2017-05-05,2018-05-05,2019-05-05,2020-05-05
125,2010-05-06,2011-05-06,2012-05-06,2013-05-06,2014-05-06,2015-05-06,2016-05-06,2017-05-06,2018-05-06,2019-05-06,2020-05-06
126,2010-05-07,2011-05-07,2012-05-07,2013-05-07,2014-05-07,2015-05-07,2016-05-07,2017-05-07,2018-05-07,2019-05-07,2020-05-07
127,2010-05-08,2011-05-08,2012-05-08,2013-05-08,2014-05-08,2015-05-08,2016-05-08,2017-05-08,2018-05-08,2019-05-08,2020-05-08
128,2010-05-09,2011-05-09,2012-05-09,2013-05-09,2014-05-09,2015-05-09,2016-05-09,2017-05-09,2018-05-09,2019-05-09,2020-05-09
129,2010-05-10,2011-05-10,2012-05-10,2013-05-10,2014-05-10,2015-05-10,2016-05-10,2017-05-10,2018-05-10,2019-05-10,2020-05-10
130,2010-05-11,2011-05-11,2012-05-11,2013-05-11,2014-05-11,2015-05-11,2016-05-11,2017-05-11,2018-05-11,2019-05-11,2020-05-11
131,2010-05-12,2011-05-12,2012-05-12,2013-05-12,2014-05-12,2015-05-12,2016-05-12,2017-05-12,2018-05-12,2019-05-12,2020-05-12
132,2010-05-13,2011-05-13,2012-05-13,2013-05-13,2014-05-13,2015-05-13,2016-05-13,2017-05-13,2018-05-13,2019-05-13,2020-05-13
133,2010-05-14,2011-05-14,2012-05-14,2013-05-14,2014-05-14,2015-05-14,2016-05-14,2017-05-14,2018-05-14,2019-05-14,2020-05-14
134,2010-05-15,2011-05-15,2012-05-15,2013-05-15,2014-05-15,2015-05-15,2016-05-15,2017-05-15,2018-05-15,2019-05-15,2020-05-15
135,2010-05-16,2011-05-16,2012-05-16,2013-05-16,2014-05-16,2015-05-16,2016-05-16,2017-05-16,2018-05-16,2019-05-16,2020-05-16
136,2010-05-17,2011-05-17,2012-05-17,2013-05-17,2014-05-17,2015-05-17,2016-05-17,2017-05-17,2018-05-17,2019-05-17,2020-05-17
137,2010-05-18,2011-05-18,2012-05-18,2013-05-18,2014-05-18,2015-05-18,2016-05-18,2017-05-18,2018-05-18,2019-05-18,2020-05-18
138,2010-05-19,2011-05-19,2012-05-19,2013-05-19,2014-05-19,2015-05-19,2016-05-19,2017-05-19,2018-05-19,2019-05-19,2020-05-19
139,2010-05-20,2011-05-20,2012-05-20,2013-05-20,2014-05-20,2015-05-20,2016-05-20,2017-05-20,2018-05-20,2019-05-20,2020-05-20
140,2010-05-21,2011-05-21,2012-05-21,2013-05-21,2014-05-21,2015-05-21,2016-05-21,2017-05-21,2018-05-21,2019-05-21,2020-05-21
141,2010-05-22,2011-05-22,2012-05-22,2013-05-22,2014-05-22,2015-05-22,2016-05-22,2017-05-22,2018-05-22,2019-05-22,2020-05-22
142,2010-05-23,2011-05-23,2012-05-23,2013-05-23,2014-05-23,2015-05-23,2016-05-23,2017-05-23,2018-05-23,2019-05-23,2020-05-23
143,2010-05-24,2011-05-24,2012-05-24,2013-05-24,2014-05-24,2015-05-24,2016-05-24,2017-05-24,2018-05-24,2019-05-24,2020-05-24
144,2010-05-25,2011-05-25,2012-05-25,2013-05-25,2014-05-25,2015-05-25,2016-05-25,2017-05-25,2018-05-25,2019-05-25,2020-05-25
145,2010-05-26,2011-05-26,2012-05-26,2013-05-26,2014-05-26,2015-05-26,2016-05-26,2017-05-26,2018-05-26,2019-05-26,2020-05-26
146,2010-05-27,2011-05-27,2012-05-27,2013-05-27,2014-05-27,2015-05-27,2016-05-27,2017-05-27,2018-05-27,2019-05-27,2020-05-27
147,2010-05-28,2011-05-28,2012-05-28,2013-05-28,2014-05-28,2015-05-28,2016-05-28,2017-05-28,2018-05-28,2019-05-28,2020-05-28
148,2010-05-29,2011-05-29,2012-05-29,2013-05-29,2014-05-29,2015-05-29,2016-05-29,2017-05-29,2018-05-29,2019-05-29,2020-05-29
149,2010-05-30,2011-05-30,2012-05-30,2013-05-30,2014-05-30,2015-05-30,2016-05-30,2017-05-30,2018-05-30,2019-05-30,2020-05-30
150,2010-05-31,2011-05-31,2012-05-31,2013-05-31,2014-05-31,2015-05-31,2016-05-31,2017-05-31,2018-05-31,2019-05-31,2020-05-31
151,2010-06-01,2011-06-01,2012-06-01,2013-06-01,2014-06-01,2015-06-01,2016-06-01,2017-06-01,2018-06-01,2019-06-01,2020-06-01
152,2010-06-02,2011-06-02,2012-06-02,2013-06-02,2014-06-02,2015-06-02,2016-06-02,2017-06-02,2018-06-02,2019-06-02,2020-06-02
153,2010-06-03,2011-06-03,2012-06-03,2013-06-03,2014-06-03,2015-06-03,2016-06-03,2017-06-03,2018-06-03,2019-06-03,2020-06-03
154,2010-06-04,2011-06-04,2012-06-04,2013-06-04,2014-06-04,2015-06-04,2016-06-04,2017-06-04,2018-06-04,2019-06-04,2020-06-04
155,2010-06-05,2011-06-05,2012-06-05,2013-06-05,2014-06-05,2015-06-05,2016-06-05,2017-06-05,2018-06-05,2019-06-05,2020-06-05
156,2010-06-06,2011-06-06,2012-06-06,2013-06-06,2014-06-06,2015-06-06,2016-06-06,2017-06-06,2018-06-06,2019-06-06,2020-06-06
157,2010-06-07,2011-06-07,2012-06-07,2013-06-07,2014-06-07,2015-06-07,2016-06-07,2017-06-07,2018-06-07,2019-06-07,2020-06-07
158,2010-06-08,2011-06-08,2012-06-08,2013-06-08,2014-06-08,2015-06-08,2016-06-08,2017-06-08,2018-06-08,2019-06-08,2020-06-08
159,2010-06-09,2011-06-09,2012-06-09,2013-06-09,2014-06-09,2015-06-09,2016-06-09,2017-06-09,2018-06-09,2019-06-09,2020-06-09
160,2010-06-10,2011-06-10,2012-06-10,2013-06-10,2014-06-10,2015-06-10,2016-06-10,2017-06-10,2018-06-10,2019-06-10,2020-06-10
161,2010-06-11,2011-06-11,2012-06-11,2013-06-11,2014-06-11,2015-06-11,2016-06-11,2017-06-11,2018-06-11,2019-06-11,2020-06-11
162,2010-06-12,2011-06-12,2012-06-12,2013-06-12,2014-06-12,2015-06-12,2016-06-12,2017-06-12,2018-06-12,2019-06-12,2020-06-12
163,2010-06-13,2011-06-13,2012-06-13,2013-06-13,2014-06-13,2015-06-13,2016-06-13,2017-06-13,2018-06-13,2019-06-13,2020-06-13
164,2010-06-14,2011-06-14,2012-06-14,2013-06-14,2014-06-14,2015-06-14,2016-06-14,2017-06-14,2018-06-14,2019-06-14,2020-06-14
165,2010-06-15,2011-06-15,2012-06-15,2013-06-15,2014-06-15,2015-06-15,2016-06-15,2017-06-15,2018-06-15,2019-06-15,2020-06-15
166,2010-06-16,2011-06-16,2012-06-16,2013-06-16,2014-06-16,2015-06-16,2016-06-16,2017-06-16,2018-06-16,2019-06-16,2020-06-16
167,2010-06-17,2011-06-17,2012-06-17,2013-06-17,2014-06-17,2015-06-17,2016-06-17,2017-06-17,2018-06-17,2019-06-17,2020-06-17
168,2010-06-18,2011-06-18,2012-06-18,2013-06-18,2014-06-18,2015-06-18,2016-06-18,2017-06-18,2018-06-18,2019-06-18,2020-06-18
169,2010-06-19,2011-06-19,2012-06-19,2013-06-19,2014-06-19,2015-06-19,2016-06-19,2017-06-19,2018-06-19,2019-06-19,2020-06-19
170,2010-06-20,2011-06-20,2012-06-20,2013-06-20,2014-06-20,2015-06-20,2016-06-20,2017-06-20,2018-06-20,2019-06-20,2020-06-20
171,2010-06-21,2011-06-21,2012-06-21,2013-06-21,2014-06-21,2015-06-21,2016-06-21,2017-06-21,2018-06-21,2019-06-21,2020-06-21
172,2010-06-22,2011-06-22,2012-06-22,2013-06-22,2014-06-22,2015-06-22,2016-06-22,2017-06-22,2018-06-22,2019-06-22,2020-06-22
173,2010-06-23,2011-06-23,2012-06-23,2013-06-23,2014-06-23,2015-06-23,2016-06-23,2017-06-23,2018-06-23,2019-06-23,2020-06-23
174,2010-06-24,2011-06-24,2012-06-24,2013-06-24,2014-06-24,2015-06-24,2016-06-24,2017-06-24,2018-06-24,2019-06-24,2020-06-24
175,2010-06-25,2011-06-25,2012-06-25,2013-06-25,2014-06-25,2015-06-25,2016-06-25,2017-06-25,2018-06-25,2019-06-25,2020-06-25
176,2010-06-26,2011-06-26,2012-06-26,2013-06-26,2014-06-26,2015-06-26,2016-06-26,2017-06-26,2018-06-26,2019-06-26,2020-06-26
177,2010-06-27,2011-06-27,2012-06-27,2013-06-27,2014-06-27,2015-06-27,2016-06-27,2017-06-27,2018-06-27,2019-06-27,2020-06-27
178,2010-06-28,2011-06-28,2012-06-28,2013-06-28,2014-06-28,2015-06-28,2016-06-28,2017-06-28,2018-06-28,2019-06-28,2020-06-28
179,2010-06-29,2011-06-29,2012-06-29,2013-06-29,2014-06-29,2015-06-29,2016-06-29,2017-06-29,2018-06-29,2019-06-29,2020-06-29
180,2010-06-30,2011-06-30,2012-06-30,2013-06-30,2014-06-30,2015-06-30,2016-06-30,2017-06-30,2018-06-30,2019-06-30,2020-06-30
181,2010-07-01,2011-07-01,2012-07-01,2013-07-01,2014-07-01,2015-07-01,2016-07-01,2017-07-01,2018-07-01,2019-07-01,2020-07-01
182,2010-07-02,2011-07-02,2012-07-02,2013-07-02,2014-07-02,2015-07-02,2016-07-02,2017-07-02,2018-07-02,2019-07-02,2020-07-02
183,2010-07-03,2011-07-03,2012-07-03,2013-07-03,2014-07-03,2015-07-03,2016-07-03,2017-07-03,2018-07-03,2019-07-03,2020-07-03
184,2010-07-04,2011-07-04,2012-07-04,2013-07-04,2014-07-04,2015-07-04,2016-07-04,2017-07-04,2018-07-04,2019-07-04,2020-07-04
185,2010-07-05,2011-07-05,2012-07-05,2013-07-05,2014-07-05,2015-07-05,2016-07-05,2017-07-05,2018-07-05,2019-07-05,2020-07-05
186,2010-07-06,2011-07-06,2012-07-06,2013-07-06,2014-07-06,2015-07-06,2016-07-06,2017-07-06,2018-07-06,2019-07-06,2020-07-06
187,2010-07-07,2011-07-07,2012-07-07,2013-07-07,2014-07-07,2015-07-07,2016-07-07,2017-07-07,2018-07-07,2019-07-07,2020-07-07
188,2010-07-08,2011-07-08,2012-07-08,2013-07-08,2014-07-08,2015-07-08,2016-07-08,2017-07-08,2018-07-08,2019-07-08,2020-07-08
189,2010-07-09,2011-07-09,2012-07-09,2013-07-09,2014-07-09,2015-07-09,2016-07-09,2017-07-09,2018-07-09,2019-07-09,2020-07-09
190,2010-07-10,2011-07-10,2012-07-10,2013-07-10,2014-07-10,2015-07-10,2016-07-10,2017-07-10,2018-07-10,2019-07-10,2020-07-10
191,2010-07-11,2011-07-11,2012-07-11,2013-07-11,2014-07-11,2015-07-11,2016-07-11,2017-07-11,2018-07-11,2019-07-11,2020-07-11
192,2010-07-12,2011-07-12,2012-07-12,2013-07-12,2014-07-12,2015-07-12,2016-07-12,2017-07-12,2018-07-12,2019-07-12,2020-07-12
193,2010-07-13,2011-07-13,2012-07-13,2013-07-13,2014-07-13,2015-07-13,2016-07-13,2017-07-13,2018-07-13,2019-07-13,2020-07-13
194,2010-07-14,2011-07-14,2012-07-14,2013-07-14,2014-07-14,2015-07-14,2016-07-14,2017-07-14,2018-07-14,2019-07-14,2020-07-14
195,2010-07-15,2011-07-15,2012-07-15,2013-07-15,2014-07-15,2015-07-15,2016-07-15,2017-07-15,2018-07-15,2019-07-15,2020-07-15
196,2010-07-16,2011-07-16,2012-07-16,2013-07-16,2014-07-16,2015-07-16,2016-07-16,2017-07-16,2018-07-16,2019-07-16,2020-07-16
197,2010-07-17,2011-07-17,2012-07-17,2013-07-17,2014-07-17,2015-07-17,2016-07-17,2017-07-17,2018-07-17,2019-07-17,2020-07-17
198,2010-07-18,2011-07-18,2012-07-18,2013-07-18,2014-07-18,2015-07-18,2016-07-18,2017-07-18,2018-07-18,2019-07-18,2020-07-18
199,2010-07-19,2011-07-19,2012-07-19,2013-07-19,2014-07-19,2015-07-19,2016-07-19,2017-07-19,2018-07-19,2019-07-19,2020-07-19
200,2010-07-20,2011-07-20,2012-07-20,2013-07-20,2014-07-20,2015-07-20,2016-07-20,2017-07-20,2018-07-20,2019-07-20,2020-07-20
201,2010-07-21,2011-07-21,2012-07-21,2013-07-21,2014-07-21,2015-07-21,2016-07-21,2017-07-21,2018-07-21,2019-07-21,2020-07-21
202,2010-07-22,2011-07-22,2012-07-22,2013-07-22,2014-07-22,2015-07-22,2016-07-22,2017-07-22,2018-07-22,2019-07-22,2020-07-22
203,2010-07-23,2011-07-23,2012-07-23,2013-07-23,2014-07-23,2015-07-23,2016-07-23,2017-07-23,2018-07-23,2019-07-23,2020-07-23
204,2010-07-24,2011-07-24,2012-07-24,2013-07-24,2014-07-24,2015-07-24,2016-07-24,2017-07-24,2018-07-24,2019-07-24,2020-07-24
205,2010-07-25,2011-07-25,2012-07-25,2013-07-25,2014-07-25,2015-07-25,2016-07-25,2017-07-25,2018-07-25,2019-07-25,2020-07-25
206,2010-07-26,2011-07-26,2012-07-26,2013-07-26,2014-07-26,2015-07-26,2016-07-26,2017-07-26,2018-07-26,2019-07-26,2020-07-26
207,2010-07-27,2011-07-27,2012-07-27,2013-07-27,2014-07-27,2015-07-27,2016-07-27,2017-07-27,2018-07-27,2019-07-27,2020-07-27
208,2010-07-28,2011-07-28,2012-07-28,2013-07-28,2014-07-28,2015-07-28,2016-07-28,2017-07-28,2018-07-28,2019-07-28,2020-07-28
209,2010-07-29,2011-07-29,2012-07-29,2013-07-29,2014-07-29,2015-07-29,2016-07-29,2017-07-29,2018-07-29,2019-07-29,2020-07-29
210,2010-07-30,2011-07-30,2012-07-30,2013-07-30,2014-07-30,2015-07-30,2016-07-30,2017-07-30,2018-07-30,2019-07-30,2020-07-30
211,2010-07-31,2011-07-31,2012-07-31,2013-07-31,2014-07-31,2015-07-31,2016-07-31,2017-07-31,2018-07-31,2019-07-31,2020-07-31
212,2010-08-01,2011-08-01,2012-08-01,2013-08-01,2014-08-01,2015-08-01,2016-08-01,2017-08-01,2018-08-01,2019-08-01,2020-08-01
213,2010-08-02,2011-08-02,2012-08-02,2013-08-02,2014-08-02,2015-08-02,2016-08-02,2017-08-02,2018-08-02,2019-08-02,2020-08-02
214,2010-08-03,2011-08-03,2012-08-03,2013-08-03,2014-08-03,2015-08-03,2016-08-03,2017-08-03,2018-08-03,2019-08-03,2020-08-03
215,2010-08-04,2011-08-04,2012-08-04,2013-08-04,2014-08-04,2015-08-04,2016-08-04,2017-08-04,2018-08-04,2019-08-04,2020-08-04
216,2010-08-05,2011-08-05,2012-08-05,2013-08-05,2014-08-05,2015-08-05,2016-08-05,2017-08-05,2018-08-05,2019-08-05,2020-08-05
217,2010-08-06,2011-08-06,2012-08-06,2013-08-06,2014-08-06,2015-08-06,2016-08-06,2017-08-06,2018-08-06,2019-08-06,2020-08-06
218,2010-08-07,2011-08-07,2012-08-07,2013-08-07,2014-08-07,2015-08-07,2016-08-07,2017-08-07,2018-08-07,2019-08-07,2020-08-07
219,2010-08-08,2011-08-08,2012-08-08,2013-08-08,2014-08-08,2015-08-08,2016-08-08,2017-08-08,2018-08-08,2019-08-08,2020-08-08
220,2010-08-09,2011-08-09,2012-08-09,2013-08-09,2014-08-09,2015-08-09,2016-08-09,2017-08-09,2018-08-09,2019-08-09,2020-08-09
221,2010-08-10,2011-08-10,2012-08-10,2013-08-10,2014-08-10,2015-08-10,2016-08-10,2017-08-10,2018-08-10,2019-08-10,2020-08-10
222,2010-08-11,2011-08-11,2012-08-11,2013-08-11,2014-08-11,2015-08-11,2016-08-11,2017-08-11,2018-08-11,2019-08-11,2020-08-11
223,2010-08-12,2011-08-12,2012-08-12,2013-08-12,2014-08-12,2015-08-12,2016-08-12,2017-08-12,2018-08-12,2019-08-12,2020-08-12
224,2010-08-13,2011-08-13,2012-08-13,2013-08-13,2014-08-13,2015-08-13,2016-08-13,2017-08-13,2018-08-13,2019-08-13,2020-08-13
225,2010-08-14,2011-08-14,2012-08-14,2013-08-14,2014-08-14,2015-08-14,2016-08-14,2017-08-14,2018-08-14,2019-08-14,2020-08-14
226,2010-08-15,2011-08-15,2012-08-15,2013-08-15,2014-08-15,2015-08-15,2016-08-15,2017-08-15,2018-08-15,2019-08-15,2020-08-15
227,2010-08-16,2011-08-16,2012-08-16,2013-08-16,2014-08-16,2015-08-16,2016-08-16,2017-08-16,2018-08-16,2019-08-16,2020-08-16
228,2010-08-17,2011-08-17,2012-08-17,2013-08-17,2014-08-17,2015-08-17,2016-08-17,2017-08-17,2018-08-17,2019-08-17,2020-08-17
229,2010-08-18,2011-08-18,2012-08-18,2013-08-18,2014-08-18,2015-08-18,2016-08-18,2017-08-18,2018-08-18,2019-08-18,2020-08-18
230,2010-08-19,2011-08-19,2012-08-19,2013-08-19,2014-08-19,2015-08-19,2016-08-19,2017-08-19,2018-08-19,2019-08-19,2020-08-19
231,2010-08-20,2011-08-20,2012-08-20,2013-08-20,2014-08-20,2015-08-20,2016-08-20,2017-08-20,2018-08-20,2019-08-20,2020-08-20
232,2010-08-21,2011-08-21,2012-08-21,2013-08-21,2014-08-21,2015-08-21,2016-08-21,2017-08-21,2018-08-21,2019-08-21,2020-08-21
233,2010-08-22,2011-08-22,2012-08-22,2013-08-22,2014-08-22,2015-08-22,2016-08-22,2017-08-22,2018-08-22,2019-08-22,2020-08-22
234,2010-08-23,2011-08-23,2012-08-23,2013-08-23,2014-08-23,2015-08-23,2016-08-23,2017-08-23,2018-08-23,2019-08-23,2020-08-23
235,2010-08-24,2011-08-24,2012-08-24,2013-08-24,2014-08-24,2015-08-24,2016-08-24,2017-08-24,2018-08-24,2019-08-24,2020-08-24
236,2010-08-25,2011-08-25,2012-08-25,2013-08-25,2014-08-25,2015-08-25,2016-08-25,2017-08-25,2018-08-25,2019-08-25,2020-08-25
237,2010-08-26,2011-08-26,2012-08-26,2013-08-26,2014-08-26,2015-08-26,2016-08-26,2017-08-26,2018-08-26,2019-08-26,2020-08-26
238,2010-08-27,2011-08-27,2012-08-27,2013-08-27,2014-08-27,2015-08-27,2016-08-27,2017-08-27,2018-08-27,2019-08-27,2020-08-27
239,2010-08-28,2011-08-28,2012-08-28,2013-08-28,2014-08-28,2015-08-28,2016-08-28,2017-08-28,2018-08-28,2019-08-28,2020-08-28
240,2010-08-29,2011-08-29,2012-08-29,2013-08-29,2014-08-29,2015-08-29,2016-08-29,2017-08-29,2018-08-29,2019-08-29,2020-08-29
241,2010-08-30,2011-08-30,2012-08-30,2013-08-30,2014-08-30,2015-08-30,2016-08-30,2017-08-30,2018-08-30,2019-08-30,2020-08-30
242,2010-08-31,2011-08-31,2012-08-31,2013-08-31,2014-08-31,2015-08-31,2016-08-31,2017-08-31,2018-08-31,2019-08-31,2020-08-31
243,2010-09-01,2011-09-01,2012-09-01,2013-09-01,2014-09-01,2015-09-01,2016-09-01,2017-09-01,2018-09-01,2019-09-01,2020-09-01
244,2010-09-02,2011-09-02,2012-09-02,2013-09-02,2014-09-02,2015-09-02,2016-09-02,2017-09-02,2018-09-02,2019-09-02,2020-09-02
245,2010-09-03,2011-09-03,2012-09-03,2013-09-03,2014-09-03,2015-09-03,2016-09-03,2017-09-03,2018-09-03,2019-09-03,2020-09-03
246,2010-09-04,2011-09-04,2012-09-04,2013-09-04,2014-09-04,2015-09-04,2016-09-04,2017-09-04,2018-09-04,2019-09-04,2020-09-04
247,2010-09-05,2011-09-05,2012-09-05,2013-09-05,2014-09-05,2015-09-05,2016-09-05,2017-09-05,2018-09-05,2019-09-05,2020-09-05
248,2010-09-06,2011-09-06,2012-09-06,2013-09-06,2014-09-06,2015-09-06,2016-09-06,2017-09-06,2018-09-06,2019-09-06,2020-09-06
249,2010-09-07,2011-09-07,2012-09-07,2013-09-07,2014-09-07,2015-09-07,2016-09-07,2017-09-07,2018-09-07,2019-09-07,2020-09-07
250,2010-09-08,2011-09-08,2012-09-08,2013-09-08,2014-09-08,2015-09-08,2016-09-08,2017-09-08,2018-09-08,2019-09-08,2020-09-08
251,2010-09-09,2011-09-09,2012-09-09,2013-09-09,2014-09-09,2015-09-09,2016-09-09,2017-09-09,2018-09-09,2019-09-09,2020-09-09
252,2010-09-10,2011-09-10,2012-09-10,2013-09-10,2014-09-10,2015-09-10,2016-09-10,2017-09-10,2018-09-10,2019-09-10,2020-09-10
253,2010-09-11,2011-09-11,2012-09-11,2013-09-11,2014-09-11,2015-09-11,2016-09-11,2017-09-11,2018-09-11,2019-09-11,2020-09-11
254,2010-09-12,2011-09-12,2012-09-12,2013-09-12,2014-09-12,2015-09-12,2016-09-12,2017-09-12,2018-09-12,2019-09-12,2020-09-12
255,2010-09-13,2011-09-13,2012-09-13,2013-09-13,2014-09-13,2015-09-13,2016-09-13,2017-09-13,2018-09-13,2019-09-13,2020-09-13
256,2010-09-14,2011-09-14,2012-09-14,2013-09-14,2014-09-14,2015-09-14,2016-09-14,2017-09-14,2018-09-14,2019-09-14,2020-09-14
257,2010-09-15,2011-09-15,2012-09-15,2013-09-15,2014-09-15,2015-09-15,2016-09-15,2017-09-15,2018-09-15,2019-09-15,2020-09-15
258,2010-09-16,2011-09-16,2012-09-16,2013-09-16,2014-09-16,2015-09-16,2016-09-16,2017-09-16,2018-09-16,2019-09-16,2020-09-16
259,2010-09-17,2011-09-17,2012-09-17,2013-09-17,2014-09-17,2015-09-17,2016-09-17,2017-09-17,2018-09-17,2019-09-17,2020-09-17
260,2010-09-18,2011-09-18,2012-09-18,2013-09-18,2014-09-18,2015-09-18,2016-09-18,2017-09-18,2018-09-18,2019-09-18,2020-09-18
261,2010-09-19,2011-09-19,2012-09-19,2013-09-19,2014-09-19,2015-09-19,2016-09-19,2017-09-19,2018-09-19,2019-09-19,2020-09-19
262,2010-09-20,2011-09-20,2012-09-20,2013-09-20,2014-09-20,2015-09-20,2016-09-20,2017-09-20,2018-09-20,2019-09-20,2020-09-20
263,2010-09-21,2011-09-21,2012-09-21,2013-09-21,2014-09-21,2015-09-21,2016-09-21,2017-09-21,2018-09-21,2019-09-21,2020-09-21
264,2010-09-22,2011-09-22,2012-09-22,2013-09-22,2014-09-22,2015-09-22,2016-09-22,2017-09-22,2018-09-22,2019-09-22,2020-09-22
265,2010-09-23,2011-09-23,2012-09-23,2013-09-23,2014-09-23,2015-09-23,2016-09-23,2017-09-23,2018-09-23,2019-09-23,2020-09-23
266,2010-09-24,2011-09-24,2012-09-24,2013-09-24,2014-09-24,2015-09-24,2016-09-24,2017-09-24,2018-09-24,2019-09-24,2020-09-24
267,2010-09-25,2011-09-25,2012-09-25,2013-09-25,2014-09-25,2015-09-25,2016-09-25,2017-09-25,2018-09-25,2019-09-25,2020-09-25
268,2010-09-26,2011-09-26,2012-09-26,2013-09-26,2014-09-26,2015-09-26,2016-09-26,2017-09-26,2018-09-26,2019-09-26,2020-09-26
269,2010-09-27,2011-09-27,2012-09-27,2013-09-27,2014-09-27,2015-09-27,2016-09-27,2017-09-27,2018-09-27,2019-09-27,2020-09-27
270,2010-09-28,2011-09-28,2012-09-28,2013-09-28,2014-09-28,2015-09-28,2016-09-28,2017-09-28,2018-09-28,2019-09-28,2020-09-28
271,2010-09-29,2011-09-29,2012-09-29,2013-09-29,2014-09-29,2015-09-29,2016-09-29,2017-09-29,2018-09-29,2019-09-29,2020-09-29
272,2010-09-30,2011-09-30,2012-09-30,2013-09-30,2014-09-30,2015-09-30,2016-09-30,2017-09-30,2018-09-30,2019-09-30,2020-09-30
273,2010-10-01,2011-10-01,2012-10-01,2013-10-01,2014-10-01,2015-10-01,2016-10-01,2017-10-01,2018-10-01,2019-10-01,2020-10-01
274,2010-10-02,2011-10-02,2012-10-02,2013-10-02,2014-10-02,2015-10-02,2016-10-02,2017-10-02,2018-10-02,2019-10-02,2020-10-02
275,2010-10-03,2011-10-03,2012-10-03,2013-10-03,2014-10-03,2015-10-03,2016-10-03,2017-10-03,2018-10-03,2019-10-03,2020-10-03
276,2010-10-04,2011-10-04,2012-10-04,2013-10-04,2014-10-04,2015-10-04,2016-10-04,2017-10-04,2018-10-04,2019-10-04,2020-10-04
277,2010-10-05,2011-10-05,2012-10-05,2013-10-05,2014-10-05,2015-10-05,2016-10-05,2017-10-05,2018-10-05,2019-10-05,2020-10-05
278,2010-10-06,2011-10-06,2012-10-06,2013-10-06,2014-10-06,2015-10-06,2016-10-06,2017-10-06,2018-10-06,2019-10-06,2020-10-06
279,2010-10-07,2011-10-07,2012-10-07,2013-10-07,2014-10-07,2015-10-07,2016-10-07,2017-10-07,2018-10-07,2019-10-07,2020-10-07
280,2010-10-08,2011-10-08,2012-10-08,2013-10-08,2014-10-08,2015-10-08,2016-10-08,2017-10-08,2018-10-08,2019-10-08,2020-10-08
281,2010-10-09,2011-10-09,2012-10-09,2013-10-09,2014-10-09,2015-10-09,2016-10-09,2017-10-09,2018-10-09,2019-10-09,2020-10-09
282,2010-10-10,2011-10-10,2012-10-10,2013-10-10,2014-10-10,2015-10-10,2016-10-10,2017-10-10,2018-10-10,2019-10-10,2020-10-10
283,2010-10-11,2011-10-11,2012-10-11,2013-10-11,2014-10-11,2015-10-11,2016-10-11,2017-10-11,2018-10-11,2019-10-11,2020-10-11
284,2010-10-12,2011-10-12,2012-10-12,2013-10-12,2014-10-12,2015-10-12,2016-10-12,2017-10-12,2018-10-12,2019-10-12,2020-10-12
285,2010-10-13,2011-10-13,2012-10-13,2013-10-13,2014-10-13,2015-10-13,2016-10-13,2017-10-13,2018-10-13,2019-10-13,2020-10-13
286,2010-10-14,2011-10-14,2012-10-14,2013-10-14,2014-10-14,2015-10-14,2016-10-14,2017-10-14,2018-10-14,2019-10-14,2020-10-14
287,2010-10-15,2011-10-15,2012-10-15,2013-10-15,2014-10-15,2015-10-15,2016-10-15,2017-10-15,2018-10-15,2019-10-15,2020-10-15
288,2010-10-16,2011-10-16,2012-10-16,2013-10-16,2014-10-16,2015-10-16,2016-10-16,2017-10-16,2018-10-16,2019-10-16,2020-10-16
289,2010-10-17,2011-10-17,2012-10-17,2013-10-17,2014-10-17,2015-10-17,2016-10-17,2017-10-17,2018-10-17,2019-10-17,2020-10-17
290,2010-10-18,2011-10-18,2012-10-18,2013-10-18,2014-10-18,2015-10-18,2016-10-18,2017-10-18,2018-10-18,2019-10-18,2020-10-18
291,2010-10-19,2011-10-19,2012-10-19,2013-10-19,2014-10-19,2015-10-19,2016-10-19,2017-10-19,2018-10-19,2019-10-19,2020-10-19
292,2010-10-20,2011-10-20,2012-10-20,2013-10-20,2014-10-20,2015-10-20,2016-10-20,2017-10-20,2018-10-20,2019-10-20,2020-10-20
293,2010-10-21,2011-10-21,2012-10-21,2013-10-21,2014-10-21,2015-10-21,2016-10-21,2017-10-21,2018-10-21,2019-10-21,2020-10-21
294,2010-10-22,2011-10-22,2012-10-22,2013-10-22,2014-10-22,2015-10-22,2016-10-22,2017-10-22,2018-10-22,2019-10-22,2020-10-22
295,2010-10-23,2011-10-23,2012-10-23,2013-10-23,2014-10-23,2015-10-23,2016-10-23,2017-10-23,2018-10-23,2019-10-23,2020-10-23
296,2010-10-24,2011-10-24,2012-10-24,2013-10-24,2014-10-24,2015-10-24,2016-10-24,2017-10-24,2018-10-24,2019-10-24,2020-10-24
297,2010-10-25,2011-10-25,2012-10-25,2013-10-25,2014-10-25,2015-10-25,2016-10-25,2017-10-25,2018-10-25,2019-10-25,2020-10-25
298,2010-10-26,2011-10-26,2012-10-26,2013-10-26,2014-10-26,2015-10-26,2016-10-26,2017-10-26,2018-10-26,2019-10-26,2020-10-26
299,2010-10-27,2011-10-27,2012-10-27,2013-10-27,2014-10-27,2015-10-27,2016-10-27,2017-10-27,2018-10-27,2019-10-27,2020-10-27
300,2010-10-28,2011-10-28,2012-10-28,2013-10-28,2014-10-28,2015-10-28,2016-10-28,2017-10-28,2018-10-28,2019-10-28,2020-10-28
301,2010-10-29,2011-10-29,2012-10-29,2013-10-29,2014-10-29,2015-10-29,2016-10-29,2017-10-29,2018-10-29,2019-10-29,2020-10-29
302,2010-10-30,2011-10-30,2012-10-30,2013-10-30,2014-10-30,2015-10-30,2016-10-30,2017-10-30,2018-10-30,2019-10-30,2020-10-30
303,2010-10-31,2011-10-31,2012-10-31,2013-10-31,2014-10-31,2015-10-31,2016-10-31,2017-10-31,2018-10-31,2019-10-31,2020-10-31
304,2010-11-01,2011-11-01,2012-11-01,2013-11-01,2014-11-01,2015-11-01,2016-11-01,2017-11-01,2018-11-01,2019-11-01,2020-11-01
305,2010-11-02,2011-11-02,2012-11-02,2013-11-02,2014-11-02,2015-11-02,2016-11-02,2017-11-02,2018-11-02,2019-11-02,2020-11-02
306,2010-11-03,2011-11-03,2012-11-03,2013-11-03,2014-11-03,2015-11-03,2016-11-03,2017-11-03,2018-11-03,2019-11-03,2020-11-03
307,2010-11-04,2011-11-04,2012-11-04,2013-11-04,2014-11-04,2015-11-04,2016-11-04,2017-11-04,2018-11-04,2019-11-04,2020-11-04
308,2010-11-05,2011-11-05,2012-11-05,2013-11-05,2014-11-05,2015-11-05,2016-11-05,2017-11-05,2018-11-05,2019-11-05,2020-11-05
309,2010-11-06,2011-11-06,2012-11-06,2013-11-06,2014-11-06,2015-11-06,2016-11-06,2017-11-06,2018-11-06,2019-11-06,2020-11-06
310,2010-11-07,2011-11-07,2012-11-07,2013-11-07,2014-11-07,2015-11-07,2016-11-07,2017-11-07,2018-11-07,2019-11-07,2020-11-07
311,2010-11-08,2011-11-08,2012-11-08,2013-11-08,2014-11-08,2015-11-08,2016-11-08,2017-11-08,2018-11-08,2019-11-08,2020-11-08
312,2010-11-09,2011-11-09,2012-11-09,2013-11-09,2014-11-09,2015-11-09,2016-11-09,2017-11-09,2018-11-09,2019-11-09,2020-11-09
313,2010-11-10,2011-11-10,2012-11-10,2013-11-10,2014-11-10,2015-11-10,2016-11-10,2017-11-10,2018-11-10,2019-11-10,2020-11-10
314,2010-11-11,2011-11-11,2012-11-11,2013-11-11,2014-11-11,2015-11-11,2016-11-11,2017-11-11,2018-11-11,2019-11-11,2020-11-11
315,2010-11-12,2011-11-12,2012-11-12,2013-11-12,2014-11-12,2015-11-12,2016-11-12,2017-11-12,2018-11-12,2019-11-12,2020-11-12
316,2010-11-13,2011-11-13,2012-11-13,2013-11-13,2014-11-13,2015-11-13,2016-11-13,2017-11-13,2018-11-13,2019-11-13,2020-11-13
317,2010-11-14,2011-11-14,2012-11-14,2013-11-14,2014-11-14,2015-11-14,2016-11-14,2017-11-14,2018-11-14,2019-11-14,2020-11-14
318,2010-11-15,2011-11-15,2012-11-15,2013-11-15,2014-11-15,2015-11-15,2016-11-15,2017-11-15,2018-11-15,2019-11-15,2020-11-15
319,2010-11-16,2011-11-16,2012-11-16,2013-11-16,2014-11-16,2015-11-16,2016-11-16,2017-11-16,2018-11-16,2019-11-16,2020-11-16
320,2010-11-17,2011-11-17,2012-11-17,2013-11-17,2014-11-17,2015-11-17,2016-11-17,2017-11-17,2018-11-17,2019-11-17,2020-11-17
321,2010-11-18,2011-11-18,2012-11-18,2013-11-18,2014-11-18,2015-11-18,2016-11-18,2017-11-18,2018-11-18,2019-11-18,2020-11-18
322,2010-11-19,2011-11-19,2012-11-19,2013-11-19,2014-11-19,2015-11-19,2016-11-19,2017-11-19,2018-11-19,2019-11-19,2020-11-19
323,2010-11-20,2011-11-20,2012-11-20,2013-11-20,2014-11-20,2015-11-20,2016-11-20,2017-11-20,2018-11-20,2019-11-20,2020-11-20
324,2010-11-21,2011-11-21,2012-11-21,2013-11-21,2014-11-21,2015-11-21,2016-11-21,2017-11-21,2018-11-21,2019-11-21,2020-11-21
325,2010-11-22,2011-11-22,2012-11-22,2013-11-22,2014-11-22,2015-11-22,2016-11-22,2017-11-22,2018-11-22,2019-11-22,2020-11-22
326,2010-11-23,2011-11-23,2012-11-23,2013-11-23,2014-11-23,2015-11-23,2016-11-23,2017-11-23,2018-11-23,2019-11-23,2020-11-23
327,2010-11-24,2011-11-24,2012-11-24,2013-11-24,2014-11-24,2015-11-24,2016-11-24,2017-11-24,2018-11-24,2019-11-24,2020-11-24
328,2010-11-25,2011-11-25,2012-11-25,2013-11-25,2014-11-25,2015-11-25,2016-11-25,2017-11-25,2018-11-25,2019-11-25,2020-11-25
329,2010-11-26,2011-11-26,2012-11-26,2013-11-26,2014-11-26,2015-11-26,2016-11-26,2017-11-26,2018-11-26,2019-11-26,2020-11-26
330,2010-11-27,2011-11-27,2012-11-27,2013-11-27,2014-11-27,2015-11-27,2016-11-27,2017-11-27,2018-11-27,2019-11-27,2020-11-27
331,2010-11-28,2011-11-28,2012-11-28,2013-11-28,2014-11-28,2015-11-28,2016-11-28,2017-11-28,2018-11-28,2019-11-28,2020-11-28
332,2010-11-29,2011-11-29,2012-11-29,2013-11-29,2014-11-29,2015-11-29,2016-11-29,2017-11-29,2018-11-29,2019-11-29,2020-11-29
333,2010-11-30,2011-11-30,2012-11-30,2013-11-30,2014-11-30,2015-11-30,2016-11-30,2017-11-30,2018-11-30,2019-11-30,2020-11-30
334,2010-12-01,2011-12-01,2012-12-01,2013-12-01,2014-12-01,2015-12-01,2016-12-01,2017-12-01,2018-12-01,2019-12-01,2020-12-01
335,2010-12-02,2011-12-02,2012-12-02,2013-12-02,2014-12-02,2015-12-02,2016-12-02,2017-12-02,2018-12-02,2019-12-02,2020-12-02
336,2010-12-03,2011-12-03,2012-12-03,2013-12-03,2014-12-03,2015-12-03,2016-12-03,2017-12-03,2018-12-03,2019-12-03,2020-12-03
337,2010-12-04,2011-12-04,2012-12-04,2013-12-04,2014-12-04,2015-12-04,2016-12-04,2017-12-04,2018-12-04,2019-12-04,2020-12-04
338,2010-12-05,2011-12-05,2012-12-05,2013-12-05,2014-12-05,2015-12-05,2016-12-05,2017-12-05,2018-12-05,2019-12-05,2020-12-05
339,2010-12-06,2011-12-06,2012-12-06,2013-12-06,2014-12-06,2015-12-06,2016-12-06,2017-12-06,2018-12-06,2019-12-06,2020-12-06
340,2010-12-07,2011-12-07,2012-12-07,2013-12-07,2014-12-07,2015-12-07,2016-12-07,2017-12-07,2018-12-07,2019-12-07,2020-12-07
341,2010-12-08,2011-12-08,2012-12-08,2013-12-08,2014-12-08,2015-12-08,2016-12-08,2017-12-08,2018-12-08,2019-12-08,2020-12-08
342,2010-12-09,2011-12-09,2012-12-09,2013-12-09,2014-12-09,2015-12-09,2016-12-09,2017-12-09,2018-12-09,2019-12-09,2020-12-09
343,2010-12-10,2011-12-10,2012-12-10,2013-12-10,2014-12-10,2015-12-10,2016-12-10,2017-12-10,2018-12-10,2019-12-10,2020-12-10
344,2010-12-11,2011-12-11,2012-12-11,2013-12-11,2014-12-11,2015-12-11,2016-12-11,2017-12-11,2018-12-11,2019-12-11,2020-12-11
345,2010-12-12,2011-12-12,2012-12-12,2013-12-12,2014-12-12,2015-12-12,2016-12-12,2017-12-12,2018-12-12,2019-12-12,2020-12-12
346,2010-12-13,2011-12-13,2012-12-13,2013-12-13,2014-12-13,2015-12-13,2016-12-13,2017-12-13,2018-12-13,2019-12-13,2020-12-13
347,2010-12-14,2011-12-14,2012-12-14,2013-12-14,2014-12-14,2015-12-14,2016-12-14,2017-12-14,2018-12-14,2019-12-14,2020-12-14
348,2010-12-15,2011-12-15,2012-12-15,2013-12-15,2014-12-15,2015-12-15,2016-12-15,2017-12-15,2018-12-15,2019-12-15,2020-12-15
349,2010-12-16,2011-12-16,2012-12-16,2013-12-16,2014-12-16,2015-12-16,2016-12-16,2017-12-16,2018-12-16,2019-12-16,2020-12-16
350,2010-12-17,2011-12-17,2012-12-17,2013-12-17,2014-12-17,2015-12-17,2016-12-17,2017-12-17,2018-12-17,2019-12-17,2020-12-17
351,2010-12-18,2011-12-18,2012-12-18,2013-12-18,2014-12-18,2015-12-18,2016-12-18,2017-12-18,2018-12-18,2019-12-18,2020-12-18
352,2010-12-19,2011-12-19,2012-12-19,2013-12-19,2014-12-19,2015-12-19,2016-12-19,2017-12-19,2018-12-19,2019-12-19,2020-12-19
353,2010-12-20,2011-12-20,2012-12-20,2013-12-20,2014-12-20,2015-12-20,2016-12-20,2017-12-20,2018-12-20,2019-12-20,2020-12-20
354,2010-12-21,2011-12-21,2012-12-21,2013-12-21,2014-12-21,2015-12-21,2016-12-21,2017-12-21,2018-12-21,2019-12-21,2020-12-21
355,2010-12-22,2011-12-22,2012-12-22,2013-12-22,2014-12-22,2015-12-22,2016-12-22,2017-12-22,2018-12-22,2019-12-22,2020-12-22
356,2010-12-23,2011-12-23,2012-12-23,2013-12-23,2014-12-23,2015-12-23,2016-12-23,2017-12-23,2018-12-23,2019-12-23,2020-12-23
357,2010-12-24,2011-12-24,2012-12-24,2013-12-24,2014-12-24,2015-12-24,2016-12-24,2017-12-24,2018-12-24,2019-12-24,2020-12-24
358,2010-12-25,2011-12-25,2012-12-25,2013-12-25,2014-12-25,2015-12-25,2016-12-25,2017-12-25,2018-12-25,2019-12-25,2020-12-25
359,2010-12-26,2011-12-26,2012-12-26,2013-12-26,2014-12-26,2015-12-26,2016-12-26,2017-12-26,2018-12-26,2019-12-26,2020-12-26
360,2010-12-27,2011-12-27,2012-12-27,2013-12-27,2014-12-27,2015-12-27,2016-12-27,2017-12-27,2018-12-27,2019-12-27,2020-12-27
361,2010-12-28,2011-12-28,2012-12-28,2013-12-28,2014-12-28,2015-12-28,2016-12-28,2017-12-28,2018-12-28,2019-12-28,2020-12-28
362,2010-12-29,2011-12-29,2012-12-29,2013-12-29,2014-12-29,2015-12-29,2016-12-29,2017-12-29,2018-12-29,2019-12-29,2020-12-29
363,2010-12-30,2011-12-30,2012-12-30,2013-12-30,2014-12-30,2015-12-30,2016-12-30,2017-12-30,2018-12-30,2019-12-30,2020-12-30
364,2010-12-31,2011-12-31,2012-12-31,2013-12-31,2014-12-31,2015-12-31,2016-12-31,2017-12-31,2018-12-31,2019-12-31,2020-12-31