date,sentiment
2009-12-31,22.39
2010-01-01,33.56
2010-01-02,37.18
2010-01-03,22.55
2010-01-04,31.96
2010-01-05,24.07
2010-01-06,20.96
2010-01-07,19.22
2010-01-08,23.13
2010-01-09,16.36
2010-01-10,19.64
2010-01-11,16.4
2010-01-12,26.16
2010-01-13,30.41
2010-01-14,29.32
2010-01-15,24.55
2010-01-16,27.02
2010-01-17,28.18
2010-01-18,22.59
2010-01-19,36.06
2010-01-20,25.76
2010-01-21,21.21
2010-01-22,29.17
2010-01-23,18.0
2010-01-24,20.41
2010-01-25,30.88
2010-01-26,25.2
2010-01-27,30.4
2010-01-28,24.78
2010-01-29,14.36
2010-01-30,13.15
2010-01-31,28.22
2010-02-01,24.88
2010-02-02,34.38
2010-02-03,28.77
2010-02-04,20.18
2010-02-05,17.96
2010-02-06,15.94
2010-02-07,22.76
2010-02-08,16.21
2010-02-09,21.54
2010-02-10,18.48
2010-02-11,11.97
2010-02-12,33.61
2010-02-13,16.31
2010-02-14,12.68
2010-02-15,17.47
2010-02-16,11.14
2010-02-17,22.17
2010-02-18,37.71
2010-02-19,28.04
2010-02-20,24.29
2010-02-21,29.63
2010-02-22,28.25
2010-02-23,24.45
2010-02-24,18.04
2010-02-25,24.34
2010-02-26,26.96
2010-02-27,19.86
2010-02-28,0.0
2010-03-01,19.8
2010-03-02,29.57
2010-03-03,36.47
2010-03-04,27.52
2010-03-05,32.22
2010-03-06,22.84
2010-03-07,35.64
2010-03-08,26.44
2010-03-09,17.92
2010-03-10,28.63
2010-03-11,25.54
2010-03-12,22.65
2010-03-13,30.39
2010-03-14,26.43
2010-03-15,26.07
2010-03-16,28.85
2010-03-17,26.42
2010-03-18,31.6
2010-03-19,37.05
2010-03-20,24.29
2010-03-21,31.24
2010-03-22,37.62
2010-03-23,34.22
2010-03-24,37.04
2010-03-25,39.36
2010-03-26,45.84
2010-03-27,49.19
2010-03-28,34.85
2010-03-29,33.14
2010-03-30,34.44
2010-03-31,42.25
2010-04-01,33.5
2010-04-02,39.69
2010-04-03,31.63
2010-04-04,33.17
2010-04-05,28.52
2010-04-06,31.49
2010-04-07,31.26
2010-04-08,36.0
2010-04-09,39.79
2010-04-10,40.1
2010-04-11,26.75
2010-04-12,27.62
2010-04-13,32.87
2010-04-14,35.7
2010-04-15,33.2
2010-04-16,33.7
2010-04-17,31.21
2010-04-18,41.09
2010-04-19,50.97
2010-04-20,30.02
2010-04-21,37.21
2010-04-22,35.42
2010-04-23,25.99
2010-04-24,23.98
2010-04-25,21.73
2010-04-26,27.01
2010-04-27,32.19
2010-04-28,27.16
2010-04-29,30.28
2010-04-30,32.91
2010-05-01,33.46
2010-05-02,31.73
2010-05-03,33.97
2010-05-04,28.53
2010-05-05,31.78
2010-05-06,25.28
2010-05-07,23.45
2010-05-08,31.34
2010-05-09,27.41
2010-05-10,36.23
2010-05-11,32.38
2010-05-12,24.09
2010-05-13,31.31
2010-05-14,24.96
2010-05-15,34.6
2010-05-16,23.56
2010-05-17,25.08
2010-05-18,31.92
2010-05-19,25.41
2010-05-20,32.44
2010-05-21,30.1
2010-05-22,32.38
2010-05-23,31.56
2010-05-24,28.69
2010-05-25,35.82
2010-05-26,33.03
2010-05-27,31.06
2010-05-28,34.52
2010-05-29,36.7
2010-05-30,31.84
2010-05-31,32.45
2010-06-01,20.63
2010-06-02,33.16
2010-06-03,31.88
2010-06-04,29.7
2010-06-05,32.6
2010-06-06,28.55
2010-06-07,39.13
2010-06-08,26.9
2010-06-09,32.32
2010-06-10,26.28
2010-06-11,22.89
2010-06-12,30.06
2010-06-13,24.25
2010-06-14,17.72
2010-06-15,20.93
2010-06-16,20.83
2010-06-17,23.69
2010-06-18,29.07
2010-06-19,27.11
2010-06-20,29.95
2010-06-21,29.32
2010-06-22,12.68
2010-06-23,19.19
2010-06-24,17.54
2010-06-25,16.78
2010-06-26,23.8
2010-06-27,18.14
2010-06-28,41.9
2010-06-29,30.37
2010-06-30,29.7
2010-07-01,32.26
2010-07-02,34.48
2010-07-03,35.9
2010-07-04,28.65
2010-07-05,28.11
2010-07-06,28.46
2010-07-07,21.91
2010-07-08,27.84
2010-07-09,27.74
2010-07-10,18.31
2010-07-11,19.89
2010-07-12,30.81
2010-07-13,36.79
2010-07-14,29.44
2010-07-15,29.33
2010-07-16,29.06
2010-07-17,29.17
2010-07-18,35.2
2010-07-19,35.13
2010-07-20,31.15
2010-07-21,43.52
2010-07-22,30.27
2010-07-23,27.1
2010-07-24,28.57
2010-07-25,36.49
2010-07-26,28.12
2010-07-27,23.98
2010-07-28,27.64
2010-07-29,29.51
2010-07-30,32.93
2010-07-31,27.56
2010-08-01,28.98
2010-08-02,31.79
2010-08-03,29.8
2010-08-04,35.88
2010-08-05,35.03
2010-08-06,42.72
2010-08-07,33.86
2010-08-08,33.03
2010-08-09,32.62
2010-08-10,42.39
2010-08-11,32.58
2010-08-12,24.12
2010-08-13,32.29
2010-08-14,37.5
2010-08-15,23.03
2010-08-16,37.66
2010-08-17,31.94
2010-08-18,25.03
2010-08-19,31.56
2010-08-20,23.77
2010-08-21,35.16
2010-08-22,25.0
2010-08-23,24.63
2010-08-24,36.55
2010-08-25,34.01
2010-08-26,41.07
2010-08-27,32.6
2010-08-28,31.57
2010-08-29,30.51
2010-08-30,28.76
2010-08-31,22.44
2010-09-01,32.34
2010-09-02,32.2
2010-09-03,32.16
2010-09-04,35.95
2010-09-05,32.7
2010-09-06,31.73
2010-09-07,37.73
2010-09-08,34.41
2010-09-09,31.82
2010-09-10,34.48
2010-09-11,33.88
2010-09-12,29.84
2010-09-13,35.5
2010-09-14,41.42
2010-09-15,33.85
2010-09-16,30.44
2010-09-17,31.97
2010-09-18,34.05
2010-09-19,33.75
2010-09-20,32.71
2010-09-21,27.51
2010-09-22,26.0
2010-09-23,36.47
2010-09-24,40.96
2010-09-25,34.38
2010-09-26,30.87
2010-09-27,35.57
2010-09-28,37.54
2010-09-29,35.81
2010-09-30,33.19
2010-10-01,18.16
2010-10-02,19.88
2010-10-03,24.68
2010-10-04,27.02
2010-10-05,37.64
2010-10-06,27.55
2010-10-07,27.93
2010-10-08,31.8
2010-10-09,26.0
2010-10-10,36.59
2010-10-11,44.17
2010-10-12,44.07
2010-10-13,33.26
2010-10-14,35.53
2010-10-15,35.39
2010-10-16,31.89
2010-10-17,33.98
2010-10-18,37.25
2010-10-19,32.81
2010-10-20,31.29
2010-10-21,28.45
2010-10-22,29.31
2010-10-23,32.25
2010-10-24,38.7
2010-10-25,38.33
2010-10-26,36.89
2010-10-27,30.47
2010-10-28,29.03
2010-10-29,29.08
2010-10-30,32.93
2010-10-31,38.81
2010-11-01,38.0
2010-11-02,33.16
2010-11-03,39.38
2010-11-04,24.46
2010-11-05,25.05
2010-11-06,24.07
2010-11-07,32.64
2010-11-08,36.11
2010-11-09,39.35
2010-11-10,33.44
2010-11-11,32.62
2010-11-12,35.51
2010-11-13,24.56
2010-11-14,27.62
2010-11-15,35.38
2010-11-16,28.43
2010-11-17,35.14
2010-11-18,38.97
2010-11-19,45.7
2010-11-20,40.27
2010-11-21,28.51
2010-11-22,31.4
2010-11-23,31.33
2010-11-24,40.0
2010-11-25,27.93
2010-11-26,30.29
2010-11-27,35.24
2010-11-28,26.42
2010-11-29,29.56
2010-11-30,28.54
2010-12-01,24.17
2010-12-02,28.12
2010-12-03,30.76
2010-12-04,35.57
2010-12-05,42.34
2010-12-06,30.28
2010-12-07,38.81
2010-12-08,33.88
2010-12-09,33.64
2010-12-10,32.2
2010-12-11,29.44
2010-12-12,27.59
2010-12-13,29.87
2010-12-14,35.81
2010-12-15,29.06
2010-12-16,26.51
2010-12-17,22.65
2010-12-18,24.77
2010-12-19,23.6
2010-12-20,27.31
2010-12-21,27.62
2010-12-22,31.18
2010-12-23,24.07
2010-12-24,26.14
2010-12-25,29.81
2010-12-26,22.77
2010-12-27,32.78
2010-12-28,36.93
2010-12-29,29.43
2010-12-30,25.84
2010-12-31,58.29
2011-01-01,31.79
2011-01-02,36.74
2011-01-03,29.33
2011-01-04,34.63
2011-01-05,28.9
2011-01-06,34.08
2011-01-07,37.99
2011-01-08,35.13
2011-01-09,31.3
2011-01-10,31.71
2011-01-11,22.96
2011-01-12,26.96
2011-01-13,26.6
2011-01-14,26.04
2011-01-15,25.91
2011-01-16,23.78
2011-01-17,27.02
2011-01-18,17.95
2011-01-19,10.7
2011-01-20,26.97
2011-01-21,30.48
2011-01-22,15.94
2011-01-23,28.4
2011-01-24,30.99
2011-01-25,27.16
2011-01-26,23.18
2011-01-27,42.49
2011-01-28,33.85
2011-01-29,28.8
2011-01-30,25.31
2011-01-31,26.05
2011-02-01,28.86
2011-02-02,24.95
2011-02-03,30.67
2011-02-04,31.83
2011-02-05,22.06
2011-02-06,29.93
2011-02-07,36.22
2011-02-08,29.0
2011-02-09,18.25
2011-02-10,21.4
2011-02-11,25.89
2011-02-12,22.25
2011-02-13,19.75
2011-02-14,22.68
2011-02-15,29.26
2011-02-16,26.43
2011-02-17,33.02
2011-02-18,30.23
2011-02-19,29.34
2011-02-20,29.58
2011-02-21,39.91
2011-02-22,42.4
2011-02-23,30.72
2011-02-24,28.98
2011-02-25,29.03
2011-02-26,20.57
2011-02-27,24.98
2011-02-28,24.92
2011-03-01,28.75
2011-03-02,35.37
2011-03-03,37.98
2011-03-04,32.27
2011-03-05,25.58
2011-03-06,29.53
2011-03-07,39.37
2011-03-08,29.11
2011-03-09,27.21
2011-03-10,17.33
2011-03-11,17.31
2011-03-12,17.83
2011-03-13,18.31
2011-03-14,27.17
2011-03-15,42.36
2011-03-16,33.37
2011-03-17,29.69
2011-03-18,36.77
2011-03-19,20.49
2011-03-20,18.44
2011-03-21,28.0
2011-03-22,26.04
2011-03-23,31.65
2011-03-24,40.19
2011-03-25,36.76
2011-03-26,42.45
2011-03-27,27.07
2011-03-28,29.28
2011-03-29,32.71
2011-03-30,25.22
2011-03-31,35.29
2011-04-01,29.99
2011-04-02,21.1
2011-04-03,26.72
2011-04-04,18.79
2011-04-05,26.51
2011-04-06,32.19
2011-04-07,25.88
2011-04-08,23.6
2011-04-09,22.61
2011-04-10,29.47
2011-04-11,38.53
2011-04-12,34.18
2011-04-13,44.67
2011-04-14,35.09
2011-04-15,37.39
2011-04-16,25.11
2011-04-17,14.97
2011-04-18,37.75
2011-04-19,34.21
2011-04-20,26.43
2011-04-21,23.92
2011-04-22,40.08
2011-04-23,28.33
2011-04-24,32.13
2011-04-25,27.74
2011-04-26,26.71
2011-04-27,29.33
2011-04-28,28.33
2011-04-29,17.89
2011-04-30,24.09
2011-05-01,29.23
2011-05-02,38.02
2011-05-03,29.99
2011-05-04,32.21
2011-05-05,27.77
2011-05-06,31.87
2011-05-07,31.37
2011-05-08,18.64
2011-05-09,44.05
2011-05-10,26.29
2011-05-11,28.5
2011-05-12,36.41
2011-05-13,26.62
2011-05-14,28.29
2011-05-15,37.08
2011-05-16,36.47
2011-05-17,28.35
2011-05-18,34.19
2011-05-19,35.78
2011-05-20,37.1
2011-05-21,33.47
2011-05-22,30.35
2011-05-23,30.93
2011-05-24,32.14
2011-05-25,28.6
2011-05-26,32.92
2011-05-27,37.27
2011-05-28,29.98
2011-05-29,22.74
2011-05-30,33.33
2011-05-31,27.05
2011-06-01,32.49
2011-06-02,27.82
2011-06-03,27.81
2011-06-04,32.54
2011-06-05,32.3
2011-06-06,36.52
2011-06-07,38.3
2011-06-08,31.97
2011-06-09,16.48
2011-06-10,24.53
2011-06-11,32.51
2011-06-12,23.86
2011-06-13,19.36
2011-06-14,29.75
2011-06-15,27.31
2011-06-16,25.61
2011-06-17,26.07
2011-06-18,42.86
2011-06-19,36.05
2011-06-20,23.41
2011-06-21,32.07
2011-06-22,24.36
2011-06-23,32.51
2011-06-24,36.93
2011-06-25,26.94
2011-06-26,30.4
2011-06-27,29.59
2011-06-28,31.77
2011-06-29,40.37
2011-06-30,39.92
2011-07-01,34.91
2011-07-02,32.0
2011-07-03,24.89
2011-07-04,38.53
2011-07-05,32.82
2011-07-06,28.42
2011-07-07,28.86
2011-07-08,35.76
2011-07-09,33.03
2011-07-10,32.9
2011-07-11,37.51
2011-07-12,32.19
2011-07-13,35.39
2011-07-14,34.12
2011-07-15,32.73
2011-07-16,26.64
2011-07-17,28.79
2011-07-18,42.76
2011-07-19,45.61
2011-07-20,37.7
2011-07-21,34.52
2011-07-22,38.18
2011-07-23,41.04
2011-07-24,45.9
2011-07-25,28.86
2011-07-26,23.09
2011-07-27,32.71
2011-07-28,34.24
2011-07-29,34.78
2011-07-30,28.62
2011-07-31,31.61
2011-08-01,36.49
2011-08-02,35.95
2011-08-03,33.78
2011-08-04,47.87
2011-08-05,32.01
2011-08-06,37.56
2011-08-07,33.02
2011-08-08,22.36
2011-08-09,34.28
2011-08-10,35.73
2011-08-11,33.81
2011-08-12,32.68
2011-08-13,31.9
2011-08-14,33.49
2011-08-15,36.93
2011-08-16,34.09
2011-08-17,27.24
2011-08-18,33.15
2011-08-19,32.16
2011-08-20,26.71
2011-08-21,27.73
2011-08-22,35.71
2011-08-23,29.49
2011-08-24,36.36
2011-08-25,31.28
2011-08-26,23.35
2011-08-27,35.54
2011-08-28,34.73
2011-08-29,17.59
2011-08-30,13.95
2011-08-31,37.33
2011-09-01,35.51
2011-09-02,37.43
2011-09-03,32.84
2011-09-04,37.51
2011-09-05,37.53
2011-09-06,27.55
2011-09-07,36.29
2011-09-08,39.49
2011-09-09,37.8
2011-09-10,34.53
2011-09-11,42.24
2011-09-12,35.49
2011-09-13,41.79
2011-09-14,32.07
2011-09-15,36.47
2011-09-16,37.59
2011-09-17,32.22
2011-09-18,33.91
2011-09-19,35.73
2011-09-20,37.85
2011-09-21,27.84
2011-09-22,39.94
2011-09-23,33.16
2011-09-24,52.83
2011-09-25,39.77
2011-09-26,30.36
2011-09-27,40.82
2011-09-28,31.78
2011-09-29,26.45
2011-09-30,37.97
2011-10-01,27.85
2011-10-02,44.39
2011-10-03,34.78
2011-10-04,34.72
2011-10-05,35.09
2011-10-06,37.38
2011-10-07,37.23
2011-10-08,31.36
2011-10-09,29.07
2011-10-10,30.94
2011-10-11,34.97
2011-10-12,41.54
2011-10-13,23.78
2011-10-14,34.63
2011-10-15,23.18
2011-10-16,34.86
2011-10-17,35.28
2011-10-18,33.46
2011-10-19,32.32
2011-10-20,32.27
2011-10-21,33.81
2011-10-22,29.99
2011-10-23,24.54
2011-10-24,29.3
2011-10-25,31.47
2011-10-26,38.01
2011-10-27,37.84
2011-10-28,28.94
2011-10-29,32.86
2011-10-30,26.73
2011-10-31,36.28
2011-11-01,35.15
2011-11-02,32.08
2011-11-03,38.82
2011-11-04,38.78
2011-11-05,35.26
2011-11-06,38.54
2011-11-07,41.22
2011-11-08,41.55
2011-11-09,37.96
2011-11-10,32.72
2011-11-11,44.24
2011-11-12,35.44
2011-11-13,37.78
2011-11-14,37.29
2011-11-15,31.23
2011-11-16,34.91
2011-11-17,40.1
2011-11-18,30.29
2011-11-19,39.53
2011-11-20,22.69
2011-11-21,39.19
2011-11-22,29.53
2011-11-23,29.26
2011-11-24,40.62
2011-11-25,24.41
2011-11-26,30.96
2011-11-27,34.45
2011-11-28,38.1
2011-11-29,40.62
2011-11-30,37.48
2011-12-01,34.07
2011-12-02,43.37
2011-12-03,42.34
2011-12-04,27.24
2011-12-05,33.33
2011-12-06,33.95
2011-12-07,37.31
2011-12-08,31.76
2011-12-09,33.99
2011-12-10,33.33
2011-12-11,24.32
2011-12-12,22.6
2011-12-13,36.61
2011-12-14,32.65
2011-12-15,32.3
2011-12-16,39.1
2011-12-17,43.49
2011-12-18,36.87
2011-12-19,40.75
2011-12-20,38.27
2011-12-21,32.68
2011-12-22,30.21
2011-12-23,35.81
2011-12-24,44.99
2011-12-25,32.99
2011-12-26,30.18
2011-12-27,26.21
2011-12-28,34.06
2011-12-29,36.98
2011-12-30,27.7
2011-12-31,34.56
2012-01-01,35.97
2012-01-02,46.96
2012-01-03,36.3
2012-01-04,40.33
2012-01-05,33.74
2012-01-06,42.34
2012-01-07,34.38
2012-01-08,36.67
2012-01-09,46.07
2012-01-10,39.44
2012-01-11,45.21
2012-01-12,35.75
2012-01-13,35.09
2012-01-14,45.02
2012-01-15,38.08
2012-01-16,41.32
2012-01-17,37.29
2012-01-18,38.68
2012-01-19,40.98
2012-01-20,35.97
2012-01-21,34.49
2012-01-22,32.59
2012-01-23,36.31
2012-01-24,40.38
2012-01-25,36.9
2012-01-26,30.12
2012-01-27,30.12
2012-01-28,33.88
2012-01-29,36.06
2012-01-30,33.54
2012-01-31,36.81
2012-02-01,37.0
2012-02-02,27.1
2012-02-03,38.75
2012-02-04,34.67
2012-02-05,37.85
2012-02-06,41.38
2012-02-07,41.69
2012-02-08,46.38
2012-02-09,41.84
2012-02-10,40.04
2012-02-11,50.62
2012-02-12,32.84
2012-02-13,44.67
2012-02-14,41.72
2012-02-15,37.55
2012-02-16,42.05
2012-02-17,43.48
2012-02-18,41.5
2012-02-19,48.06
2012-02-20,37.56
2012-02-21,37.84
2012-02-22,44.31
2012-02-23,31.43
2012-02-24,41.54
2012-02-25,45.52
2012-02-26,39.52
2012-02-27,39.52
2012-02-28,44.47
2012-02-29,39.4
2012-03-01,42.86
2012-03-02,32.57
2012-03-03,36.45
2012-03-04,39.59
2012-03-05,39.51
2012-03-06,35.65
2012-03-07,37.4
2012-03-08,39.52
2012-03-09,39.24
2012-03-10,31.47
2012-03-11,35.72
2012-03-12,40.98
2012-03-13,30.38
2012-03-14,34.69
2012-03-15,40.31
2012-03-16,37.37
2012-03-17,45.29
2012-03-18,45.41
2012-03-19,35.74
2012-03-20,43.83
2012-03-21,44.23
2012-03-22,42.66
2012-03-23,47.07
2012-03-24,36.05
2012-03-25,47.45
2012-03-26,42.07
2012-03-27,37.4
2012-03-28,58.87
2012-03-29,42.74
2012-03-30,27.37
2012-03-31,52.73
2012-04-01,36.75
2012-04-02,46.82
2012-04-03,40.31
2012-04-04,32.84
2012-04-05,42.6
2012-04-06,28.32
2012-04-07,33.23
2012-04-08,27.3
2012-04-09,32.55
2012-04-10,37.64
2012-04-11,27.71
2012-04-12,34.43
2012-04-13,36.35
2012-04-14,35.81
2012-04-15,40.0
2012-04-16,38.26
2012-04-17,34.27
2012-04-18,32.79
2012-04-19,37.74
2012-04-20,35.48
2012-04-21,32.61
2012-04-22,44.0
2012-04-23,17.08
2012-04-24,28.56
2012-04-25,19.19
2012-04-26,23.55
2012-04-27,30.7
2012-04-28,23.21
2012-04-29,23.73
2012-04-30,35.55
2012-05-01,37.45
2012-05-02,36.58
2012-05-03,35.3
2012-05-04,39.81
2012-05-05,50.0
2012-05-06,34.66
2012-05-07,30.66
2012-05-08,28.05
2012-05-09,43.44
2012-05-10,22.09
2012-05-11,35.61
2012-05-12,38.26
2012-05-13,33.74
2012-05-14,35.47
2012-05-15,31.78
2012-05-16,43.61
2012-05-17,44.66
2012-05-18,30.93
2012-05-19,39.16
2012-05-20,44.61
2012-05-21,34.94
2012-05-22,41.02
2012-05-23,35.13
2012-05-24,33.44
2012-05-25,32.52
2012-05-26,43.25
2012-05-27,40.25
2012-05-28,15.38
2012-05-29,35.97
2012-05-30,37.25
2012-05-31,38.26
2012-06-01,39.77
2012-06-02,45.28
2012-06-03,36.43
2012-06-04,40.12
2012-06-05,43.93
2012-06-06,40.31
2012-06-07,41.41
2012-06-08,30.03
2012-06-09,34.32
2012-06-10,32.56
2012-06-11,28.2
2012-06-12,34.02
2012-06-13,38.24
2012-06-14,40.45
2012-06-15,43.75
2012-06-16,41.8
2012-06-17,26.24
2012-06-18,74.82
2012-06-19,48.34
2012-06-20,40.47
2012-06-21,29.89
2012-06-22,40.78
2012-06-23,21.9
2012-06-24,38.16
2012-06-25,43.9
2012-06-26,41.7
2012-06-27,38.09
2012-06-28,47.09
2012-06-29,42.26
2012-06-30,49.64
2012-07-01,36.3
2012-07-02,36.72
2012-07-03,33.51
2012-07-04,35.06
2012-07-05,35.29
2012-07-06,26.3
2012-07-07,40.04
2012-07-08,35.35
2012-07-09,37.15
2012-07-10,20.31
2012-07-11,22.03
2012-07-12,33.89
2012-07-13,15.76
2012-07-14,28.83
2012-07-15,31.89
2012-07-16,37.47
2012-07-17,48.62
2012-07-18,45.68
2012-07-19,42.16
2012-07-20,37.68
2012-07-21,50.72
2012-07-22,35.84
2012-07-23,35.78
2012-07-24,38.35
2012-07-25,49.32
2012-07-26,36.75
2012-07-27,46.78
2012-07-28,48.6
2012-07-29,30.35
2012-07-30,38.34
2012-07-31,32.8
2012-08-01,30.75
2012-08-02,35.81
2012-08-03,38.0
2012-08-04,29.45
2012-08-05,20.7
2012-08-06,28.88
2012-08-07,34.49
2012-08-08,32.51
2012-08-09,35.83
2012-08-10,38.78
2012-08-11,32.27
2012-08-12,33.74
2012-08-13,27.73
2012-08-14,20.41
2012-08-15,29.96
2012-08-16,36.36
2012-08-17,33.95
2012-08-18,35.07
2012-08-19,30.05
2012-08-20,37.63
2012-08-21,40.53
2012-08-22,48.28
2012-08-23,33.92
2012-08-24,35.23
2012-08-25,31.79
2012-08-26,51.24
2012-08-27,34.15
2012-08-28,39.57
2012-08-29,31.53
2012-08-30,31.3
2012-08-31,19.09
2012-09-01,34.25
2012-09-02,28.89
2012-09-03,34.58
2012-09-04,26.48
2012-09-05,30.49
2012-09-06,27.72
2012-09-07,25.41
2012-09-08,26.35
2012-09-09,28.66
2012-09-10,43.39
2012-09-11,31.35
2012-09-12,44.14
2012-09-13,38.52
2012-09-14,41.08
2012-09-15,34.44
2012-09-16,37.88
2012-09-17,41.59
2012-09-18,38.52
2012-09-19,30.77
2012-09-20,31.38
2012-09-21,33.06
2012-09-22,36.05
2012-09-23,52.85
2012-09-24,41.46
2012-09-25,33.37
2012-09-26,23.14
2012-09-27,38.96
2012-09-28,28.63
2012-09-29,30.52
2012-09-30,29.58
2012-10-01,36.21
2012-10-02,38.71
2012-10-03,40.82
2012-10-04,28.95
2012-10-05,29.23
2012-10-06,33.33
2012-10-07,33.2
2012-10-08,37.29
2012-10-09,44.3
2012-10-10,32.68
2012-10-11,33.4
2012-10-12,37.23
2012-10-13,30.41
2012-10-14,31.83
2012-10-15,36.92
2012-10-16,37.17
2012-10-17,48.06
2012-10-18,42.43
2012-10-19,38.57
2012-10-20,36.4
2012-10-21,38.68
2012-10-22,41.76
2012-10-23,50.46
2012-10-24,45.42
2012-10-25,27.8
2012-10-26,40.89
2012-10-27,39.63
2012-10-28,31.26
2012-10-29,26.15
2012-10-30,20.14
2012-10-31,18.64
2012-11-01,19.9
2012-11-02,24.9
2012-11-03,26.49
2012-11-04,42.92
2012-11-05,30.32
2012-11-06,37.95
2012-11-07,27.66
2012-11-08,35.22
2012-11-09,31.63
2012-11-10,32.72
2012-11-11,20.39
2012-11-12,36.77
2012-11-13,37.11
2012-11-14,21.67
2012-11-15,10.55
2012-11-16,45.29
2012-11-17,45.41
2012-11-18,44.5
2012-11-19,27.38
2012-11-20,35.88
2012-11-21,42.13
2012-11-22,46.59
2012-11-23,33.4
2012-11-24,26.44
2012-11-25,39.03
2012-11-26,35.35
2012-11-27,38.72
2012-11-28,41.79
2012-11-29,39.61
2012-11-30,41.04
2012-12-01,40.0
2012-12-02,37.03
2012-12-03,26.13
2012-12-04,33.99
2012-12-05,42.84
2012-12-06,32.32
2012-12-07,38.02
2012-12-08,39.62
2012-12-09,30.77
2012-12-10,41.58
2012-12-11,46.16
2012-12-12,44.97
2012-12-13,56.08
2012-12-14,31.66
2012-12-15,39.03
2012-12-16,50.93
2012-12-17,44.33
2012-12-18,52.74
2012-12-19,35.77
2012-12-20,55.03
2012-12-21,34.09
2012-12-22,45.18
2012-12-23,33.33
2012-12-24,38.35
2012-12-25,46.99
2012-12-26,28.38
2012-12-27,43.58
2012-12-28,44.05
2012-12-29,35.4
2012-12-30,28.03
2012-12-31,28.32
2013-01-01,30.75
2013-01-02,28.63
2013-01-03,31.51
2013-01-04,36.32
2013-01-05,28.99
2013-01-06,39.47
2013-01-07,44.22
2013-01-08,45.38
2013-01-09,56.21
2013-01-10,36.91
2013-01-11,32.54
2013-01-12,35.59
2013-01-13,38.27
2013-01-14,35.73
2013-01-15,34.08
2013-01-16,37.79
2013-01-17,41.27
2013-01-18,33.37
2013-01-19,35.31
2013-01-20,40.86
2013-01-21,22.3
2013-01-22,21.73
2013-01-23,21.6
2013-01-24,24.34
2013-01-25,29.48
2013-01-26,52.56
2013-01-27,41.41
2013-01-28,29.6
2013-01-29,32.16
2013-01-30,25.74
2013-01-31,37.06
2013-02-01,40.67
2013-02-02,52.74
2013-02-03,35.57
2013-02-04,28.41
2013-02-05,37.98
2013-02-06,40.69
2013-02-07,51.19
2013-02-08,34.53
2013-02-09,28.5
2013-02-10,30.94
2013-02-11,33.64
2013-02-12,29.14
2013-02-13,33.2
2013-02-14,38.39
2013-02-15,39.7
2013-02-16,42.8
2013-02-17,16.2
2013-02-18,33.16
2013-02-19,37.65
2013-02-20,22.91
2013-02-21,32.32
2013-02-22,56.13
2013-02-23,39.61
2013-02-24,35.89
2013-02-25,42.34
2013-02-26,42.11
2013-02-27,41.8
2013-02-28,33.81
2013-03-01,36.98
2013-03-02,32.46
2013-03-03,37.12
2013-03-04,47.49
2013-03-05,33.2
2013-03-06,43.08
2013-03-07,42.17
2013-03-08,35.74
2013-03-09,37.98
2013-03-10,43.7
2013-03-11,40.49
2013-03-12,39.72
2013-03-13,34.92
2013-03-14,34.96
2013-03-15,35.19
2013-03-16,36.8
2013-03-17,49.29
2013-03-18,48.92
2013-03-19,42.62
2013-03-20,41.96
2013-03-21,37.06
2013-03-22,41.26
2013-03-23,50.36
2013-03-24,39.23
2013-03-25,26.94
2013-03-26,36.62
2013-03-27,39.43
2013-03-28,49.24
2013-03-29,34.95
2013-03-30,44.57
2013-03-31,37.84
2013-04-01,38.24
2013-04-02,33.13
2013-04-03,32.21
2013-04-04,38.96
2013-04-05,0.0
2013-04-06,36.61
2013-04-07,29.09
2013-04-08,19.16
2013-04-09,30.98
2013-04-10,27.68
2013-04-11,34.65
2013-04-12,31.26
2013-04-13,25.99
2013-04-14,23.28
2013-04-15,39.0
2013-04-16,39.98
2013-04-17,45.89
2013-04-18,40.04
2013-04-19,31.28
2013-04-20,40.06
2013-04-21,47.12
2013-04-22,51.32
2013-04-23,37.61
2013-04-24,48.48
2013-04-25,32.53
2013-04-26,43.72
2013-04-27,39.78
2013-04-28,35.14
2013-04-29,37.5
2013-04-30,38.19
2013-05-01,35.87
2013-05-02,42.4
2013-05-03,41.28
2013-05-04,32.16
2013-05-05,37.01
2013-05-06,30.52
2013-05-07,36.22
2013-05-08,38.01
2013-05-09,33.43
2013-05-10,40.74
2013-05-11,38.68
2013-05-12,36.47
2013-05-13,48.13
2013-05-14,40.41
2013-05-15,58.87
2013-05-16,37.05
2013-05-17,37.6
2013-05-18,44.66
2013-05-19,28.89
2013-05-20,44.82
2013-05-21,28.53
2013-05-22,30.25
2013-05-23,49.24
2013-05-24,48.1
2013-05-25,47.98
2013-05-26,36.48
2013-05-27,39.46
2013-05-28,71.3
2013-05-29,40.28
2013-05-30,37.82
2013-05-31,35.51
2013-06-01,40.0
2013-06-02,43.62
2013-06-03,41.39
2013-06-04,37.25
2013-06-05,41.69
2013-06-06,42.48
2013-06-07,34.44
2013-06-08,26.52
2013-06-09,31.48
2013-06-10,64.76
2013-06-11,29.07
2013-06-12,34.07
2013-06-13,37.74
2013-06-14,45.67
2013-06-15,45.37
2013-06-16,30.55
2013-06-17,38.72
2013-06-18,46.55
2013-06-19,27.08
2013-06-20,22.21
2013-06-21,30.44
2013-06-22,27.39
2013-06-23,22.03
2013-06-24,29.02
2013-06-25,32.89
2013-06-26,12.11
2013-06-27,29.1
2013-06-28,28.67
2013-06-29,22.28
2013-06-30,30.45
2013-07-01,42.57
2013-07-02,39.84
2013-07-03,42.04
2013-07-04,35.48
2013-07-05,39.58
2013-07-06,33.23
2013-07-07,32.96
2013-07-08,45.39
2013-07-09,35.8
2013-07-10,37.8
2013-07-11,35.24
2013-07-12,42.38
2013-07-13,45.82
2013-07-14,44.32
2013-07-15,41.19
2013-07-16,41.55
2013-07-17,42.27
2013-07-18,29.47
2013-07-19,40.44
2013-07-20,32.49
2013-07-21,42.8
2013-07-22,37.85
2013-07-23,33.37
2013-07-24,53.4
2013-07-25,36.32
2013-07-26,28.04
2013-07-27,34.07
2013-07-28,31.85
2013-07-29,54.44
2013-07-30,41.35
2013-07-31,45.41
2013-08-01,38.2
2013-08-02,36.74
2013-08-03,41.42
2013-08-04,38.24
2013-08-05,44.77
2013-08-06,33.3
2013-08-07,32.18
2013-08-08,44.22
2013-08-09,54.29
2013-08-10,37.32
2013-08-11,44.03
2013-08-12,44.68
2013-08-13,0.0
2013-08-14,25.71
2013-08-15,29.96
2013-08-16,39.21
2013-08-17,32.83
2013-08-18,13.29
2013-08-19,40.75
2013-08-20,38.71
2013-08-21,39.98
2013-08-22,40.48
2013-08-23,39.33
2013-08-24,34.91
2013-08-25,33.74
2013-08-26,50.6
2013-08-27,51.8
2013-08-28,49.8
2013-08-29,49.9
2013-08-30,46.59
2013-08-31,44.97
2013-09-01,48.03
2013-09-02,45.41
2013-09-03,35.26
2013-09-04,42.9
2013-09-05,40.36
2013-09-06,31.47
2013-09-07,39.27
2013-09-08,28.61
2013-09-09,38.63
2013-09-10,35.63
2013-09-11,45.57
2013-09-12,54.85
2013-09-13,46.06
2013-09-14,41.12
2013-09-15,44.77
2013-09-16,36.78
2013-09-17,38.27
2013-09-18,44.49
2013-09-19,36.75
2013-09-20,39.59
2013-09-21,46.99
2013-09-22,46.31
2013-09-23,30.02
2013-09-24,38.36
2013-09-25,39.88
2013-09-26,20.4
2013-09-27,33.84
2013-09-28,31.75
2013-09-29,43.42
2013-09-30,41.01
2013-10-01,38.8
2013-10-02,38.83
2013-10-03,41.96
2013-10-04,35.83
2013-10-05,41.43
2013-10-06,40.49
2013-10-07,34.39
2013-10-08,40.53
2013-10-09,39.37
2013-10-10,52.48
2013-10-11,46.46
2013-10-12,43.96
2013-10-13,37.7
2013-10-14,33.88
2013-10-15,50.2
2013-10-16,47.41
2013-10-17,50.96
2013-10-18,44.46
2013-10-19,42.38
2013-10-20,40.16
2013-10-21,50.86
2013-10-22,51.46
2013-10-23,38.45
2013-10-24,45.45
2013-10-25,44.62
2013-10-26,32.02
2013-10-27,44.27
2013-10-28,37.5
2013-10-29,51.36
2013-10-30,39.48
2013-10-31,51.16
2013-11-01,14.29
2013-11-02,15.01
2013-11-03,34.65
2013-11-04,38.61
2013-11-05,31.45
2013-11-06,39.66
2013-11-07,44.16
2013-11-08,34.42
2013-11-09,36.24
2013-11-10,39.5
2013-11-11,41.45
2013-11-12,42.41
2013-11-13,39.41
2013-11-14,30.62
2013-11-15,35.59
2013-11-16,50.91
2013-11-17,42.09
2013-11-18,41.54
2013-11-19,53.33
2013-11-20,48.93
2013-11-21,34.01
2013-11-22,34.82
2013-11-23,45.1
2013-11-24,31.04
2013-11-25,43.04
2013-11-26,46.17
2013-11-27,45.25
2013-11-28,50.0
2013-11-29,39.92
2013-11-30,44.72
2013-12-01,37.33
2013-12-02,41.68
2013-12-03,32.73
2013-12-04,40.83
2013-12-05,32.25
2013-12-06,42.31
2013-12-07,45.09
2013-12-08,36.9
2013-12-09,39.88
2013-12-10,44.23
2013-12-11,42.01
2013-12-12,43.85
2013-12-13,36.08
2013-12-14,31.24
2013-12-15,23.38
2013-12-16,21.29
2013-12-17,30.17
2013-12-18,37.41
2013-12-19,43.94
2013-12-20,40.02
2013-12-21,40.6
2013-12-22,31.78
2013-12-23,36.86
2013-12-24,39.14
2013-12-25,37.71
2013-12-26,40.51
2013-12-27,36.68
2013-12-28,35.15
2013-12-29,43.5
2013-12-30,36.61
2013-12-31,43.0
2014-01-01,34.48
2014-01-02,34.38
2014-01-03,33.73
2014-01-04,36.66
2014-01-05,29.52
2014-01-06,30.01
2014-01-07,29.82
2014-01-08,35.55
2014-01-09,28.79
2014-01-10,37.05
2014-01-11,38.26
2014-01-12,42.76
2014-01-13,45.2
2014-01-14,41.51
2014-01-15,42.77
2014-01-16,36.95
2014-01-17,17.52
2014-01-18,41.47
2014-01-19,40.69
2014-01-20,40.12
2014-01-21,34.1
2014-01-22,48.65
2014-01-23,43.46
2014-01-24,33.77
2014-01-25,37.29
2014-01-26,27.94
2014-01-27,37.44
2014-01-28,38.61
2014-01-29,25.89
2014-01-30,23.97
2014-01-31,29.52
2014-02-01,33.1
2014-02-02,40.57
2014-02-03,52.16
2014-02-04,45.68
2014-02-05,40.36
2014-02-06,38.67
2014-02-07,40.84
2014-02-08,34.51
2014-02-09,33.6
2014-02-10,39.13
2014-02-11,44.68
2014-02-12,48.34
2014-02-13,31.43
2014-02-14,30.04
2014-02-15,43.38
2014-02-16,28.07
2014-02-17,16.25
2014-02-18,27.76
2014-02-19,30.81
2014-02-20,35.94
2014-02-21,43.71
2014-02-22,32.28
2014-02-23,28.5
2014-02-24,24.24
2014-02-25,38.51
2014-02-26,35.72
2014-02-27,33.77
2014-02-28,26.79
2014-03-01,45.05
2014-03-02,48.08
2014-03-03,42.17
2014-03-04,29.99
2014-03-05,38.88
2014-03-06,39.64
2014-03-07,29.1
2014-03-08,26.89
2014-03-09,35.52
2014-03-10,29.5
2014-03-11,27.31
2014-03-12,25.64
2014-03-13,38.13
2014-03-14,36.9
2014-03-15,19.25
2014-03-16,34.32
2014-03-17,43.37
2014-03-18,43.25
2014-03-19,29.18
2014-03-20,31.1
2014-03-21,39.43
2014-03-22,39.74
2014-03-23,35.35
2014-03-24,38.93
2014-03-25,45.62
2014-03-26,32.33
2014-03-27,42.87
2014-03-28,44.75
2014-03-29,38.32
2014-03-30,36.55
2014-03-31,42.26
2014-04-01,39.2
2014-04-02,48.94
2014-04-03,42.02
2014-04-04,30.15
2014-04-05,40.44
2014-04-06,38.31
2014-04-07,46.01
2014-04-08,45.73
2014-04-09,35.71
2014-04-10,46.6
2014-04-11,45.04
2014-04-12,46.96
2014-04-13,42.77
2014-04-14,34.42
2014-04-15,27.63
2014-04-16,42.31
2014-04-17,45.32
2014-04-18,41.54
2014-04-19,37.89
2014-04-20,44.53
2014-04-21,50.71
2014-04-22,48.26
2014-04-23,46.81
2014-04-24,42.94
2014-04-25,50.46
2014-04-26,46.81
2014-04-27,49.09
2014-04-28,42.01
2014-04-29,45.17
2014-04-30,39.82
2014-05-01,35.29
2014-05-02,32.96
2014-05-03,36.1
2014-05-04,33.4
2014-05-05,32.06
2014-05-06,20.47
2014-05-07,25.48
2014-05-08,32.19
2014-05-09,37.79
2014-05-10,32.59
2014-05-11,32.62
2014-05-12,32.56
2014-05-13,40.89
2014-05-14,33.94
2014-05-15,39.1
2014-05-16,32.0
2014-05-17,42.91
2014-05-18,34.76
2014-05-19,39.01
2014-05-20,22.75
2014-05-21,31.45
2014-05-22,28.83
2014-05-23,44.99
2014-05-24,24.59
2014-05-25,38.78
2014-05-26,38.59
2014-05-27,31.22
2014-05-28,26.15
2014-05-29,25.76
2014-05-30,32.89
2014-05-31,38.92
2014-06-01,35.86
2014-06-02,32.35
2014-06-03,34.47
2014-06-04,43.38
2014-06-05,43.42
2014-06-06,45.67
2014-06-07,38.44
2014-06-08,37.68
2014-06-09,42.37
2014-06-10,37.17
2014-06-11,40.82
2014-06-12,46.08
2014-06-13,39.39
2014-06-14,14.69
2014-06-15,25.77
2014-06-16,37.4
2014-06-17,30.76
2014-06-18,31.48
2014-06-19,38.85
2014-06-20,45.37
2014-06-21,44.55
2014-06-22,47.08
2014-06-23,23.41
2014-06-24,37.47
2014-06-25,21.94
2014-06-26,29.62
2014-06-27,33.54
2014-06-28,37.46
2014-06-29,36.84
2014-06-30,42.62
2014-07-01,51.21
2014-07-02,42.17
2014-07-03,30.45
2014-07-04,38.23
2014-07-05,35.29
2014-07-06,36.11
2014-07-07,32.89
2014-07-08,40.22
2014-07-09,38.32
2014-07-10,64.88
2014-07-11,45.12
2014-07-12,44.41
2014-07-13,40.76
2014-07-14,41.69
2014-07-15,39.68
2014-07-16,38.97
2014-07-17,40.38
2014-07-18,48.64
2014-07-19,46.02
2014-07-20,43.47
2014-07-21,45.95
2014-07-22,44.77
2014-07-23,39.09
2014-07-24,54.93
2014-07-25,47.96
2014-07-26,39.05
2014-07-27,39.54
2014-07-28,36.29
2014-07-29,34.71
2014-07-30,43.66
2014-07-31,26.22
2014-08-01,36.91
2014-08-02,41.61
2014-08-03,41.12
2014-08-04,44.57
2014-08-05,48.99
2014-08-06,43.0
2014-08-07,47.43
2014-08-08,28.54
2014-08-09,45.07
2014-08-10,39.59
2014-08-11,46.07
2014-08-12,44.12
2014-08-13,40.9
2014-08-14,45.19
2014-08-15,41.39
2014-08-16,38.7
2014-08-17,42.71
2014-08-18,40.27
2014-08-19,37.89
2014-08-20,43.41
2014-08-21,41.36
2014-08-22,36.84
2014-08-23,31.29
2014-08-24,45.82
2014-08-25,32.45
2014-08-26,43.57
2014-08-27,24.85
2014-08-28,26.41
2014-08-29,35.63
2014-08-30,32.02
2014-08-31,36.75
2014-09-01,35.25
2014-09-02,39.19
2014-09-03,56.42
2014-09-04,43.58
2014-09-05,25.13
2014-09-06,27.18
2014-09-07,27.35
2014-09-08,48.18
2014-09-09,37.96
2014-09-10,57.2
2014-09-11,53.7
2014-09-12,51.89
2014-09-13,43.9
2014-09-14,48.14
2014-09-15,41.28
2014-09-16,44.11
2014-09-17,35.58
2014-09-18,46.28
2014-09-19,43.38
2014-09-20,46.64
2014-09-21,28.16
2014-09-22,27.0
2014-09-23,26.21
2014-09-24,31.57
2014-09-25,37.88
2014-09-26,31.23
2014-09-27,37.61
2014-09-28,42.91
2014-09-29,38.32
2014-09-30,40.62
2014-10-01,40.35
2014-10-02,43.67
2014-10-03,39.11
2014-10-04,36.69
2014-10-05,36.88
2014-10-06,45.97
2014-10-07,45.88
2014-10-08,38.07
2014-10-09,35.95
2014-10-10,46.93
2014-10-11,35.41
2014-10-12,38.37
2014-10-13,33.55
2014-10-14,35.76
2014-10-15,42.62
2014-10-16,49.3
2014-10-17,38.72
2014-10-18,49.19
2014-10-19,41.11
2014-10-20,49.95
2014-10-21,39.61
2014-10-22,27.88
2014-10-23,39.45
2014-10-24,33.44
2014-10-25,44.02
2014-10-26,37.66
2014-10-27,30.39
2014-10-28,38.91
2014-10-29,51.41
2014-10-30,51.99
2014-10-31,38.3
2014-11-01,45.09
2014-11-02,44.89
2014-11-03,36.87
2014-11-04,28.4
2014-11-05,20.44
2014-11-06,37.51
2014-11-07,46.45
2014-11-08,43.35
2014-11-09,33.84
2014-11-10,32.57
2014-11-11,32.36
2014-11-12,32.84
2014-11-13,35.69
2014-11-14,28.36
2014-11-15,18.56
2014-11-16,37.79
2014-11-17,50.35
2014-11-18,38.87
2014-11-19,34.75
2014-11-20,46.71
2014-11-21,40.0
2014-11-22,49.29
2014-11-23,35.82
2014-11-24,47.4
2014-11-25,51.33
2014-11-26,40.89
2014-11-27,50.61
2014-11-28,48.5
2014-11-29,38.69
2014-11-30,48.23
2014-12-01,46.93
2014-12-02,48.39
2014-12-03,49.59
2014-12-04,48.02
2014-12-05,42.04
2014-12-06,42.5
2014-12-07,46.58
2014-12-08,49.59
2014-12-09,47.61
2014-12-10,50.79
2014-12-11,51.65
2014-12-12,45.79
2014-12-13,45.05
2014-12-14,37.3
2014-12-15,47.3
2014-12-16,43.32
2014-12-17,47.5
2014-12-18,43.61
2014-12-19,38.93
2014-12-20,40.16
2014-12-21,41.51
2014-12-22,41.92
2014-12-23,53.16
2014-12-24,64.18
2014-12-25,51.01
2014-12-26,50.2
2014-12-27,40.38
2014-12-28,45.99
2014-12-29,41.27
2014-12-30,33.64
2014-12-31,39.66
2015-01-01,38.66
2015-01-02,40.22
2015-01-03,50.15
2015-01-04,45.15
2015-01-05,40.94
2015-01-06,46.04
2015-01-07,29.8
2015-01-08,42.26
2015-01-09,44.92
2015-01-10,50.69
2015-01-11,37.99
2015-01-12,35.34
2015-01-13,47.71
2015-01-14,45.08
2015-01-15,41.81
2015-01-16,0.0
2015-01-17,32.26
2015-01-18,45.07
2015-01-19,37.77
2015-01-20,34.85
2015-01-21,34.93
2015-01-22,44.23
2015-01-23,34.49
2015-01-24,39.37
2015-01-25,36.85
2015-01-26,23.18
2015-01-27,28.05
2015-01-28,39.57
2015-01-29,44.3
2015-01-30,31.47
2015-01-31,13.48
2015-02-01,39.92
2015-02-02,51.97
2015-02-03,48.83
2015-02-04,45.84
2015-02-05,49.59
2015-02-06,35.71
2015-02-07,34.85
2015-02-08,32.39
2015-02-09,24.54
2015-02-10,28.06
2015-02-11,34.94
2015-02-12,27.44
2015-02-13,39.25
2015-02-14,42.31
2015-02-15,32.15
2015-02-16,29.41
2015-02-17,36.23
2015-02-18,44.3
2015-02-19,25.82
2015-02-20,31.56
2015-02-21,48.34
2015-02-22,59.35
2015-02-23,50.32
2015-02-24,44.27
2015-02-25,39.7
2015-02-26,34.12
2015-02-27,43.32
2015-02-28,41.99
2015-03-01,40.24
2015-03-02,40.99
2015-03-03,40.95
2015-03-04,36.97
2015-03-05,41.64
2015-03-06,56.03
2015-03-07,46.85
2015-03-08,41.67
2015-03-09,46.54
2015-03-10,40.06
2015-03-11,48.36
2015-03-12,39.01
2015-03-13,40.09
2015-03-14,34.99
2015-03-15,48.07
2015-03-16,29.56
2015-03-17,37.23
2015-03-18,37.49
2015-03-19,38.63
2015-03-20,35.47
2015-03-21,34.58
2015-03-22,30.28
2015-03-23,40.68
2015-03-24,33.1
2015-03-25,36.3
2015-03-26,41.59
2015-03-27,40.59
2015-03-28,46.26
2015-03-29,44.92
2015-03-30,41.08
2015-03-31,35.76
2015-04-01,36.14
2015-04-02,32.49
2015-04-03,35.22
2015-04-04,36.91
2015-04-05,26.5
2015-04-06,42.13
2015-04-07,35.32
2015-04-08,29.37
2015-04-09,39.78
2015-04-10,36.45
2015-04-11,35.17
2015-04-12,32.28
2015-04-13,44.97
2015-04-14,43.62
2015-04-15,38.07
2015-04-16,54.26
2015-04-17,39.43
2015-04-18,40.54
2015-04-19,33.67
2015-04-20,37.3
2015-04-21,42.12
2015-04-22,31.0
2015-04-23,38.57
2015-04-24,40.54
2015-04-25,36.42
2015-04-26,34.48
2015-04-27,19.9
2015-04-28,31.37
2015-04-29,38.95
2015-04-30,39.77
2015-05-01,47.87
2015-05-02,44.86
2015-05-03,38.02
2015-05-04,43.12
2015-05-05,38.59
2015-05-06,53.81
2015-05-07,37.41
2015-05-08,36.84
2015-05-09,37.69
2015-05-10,31.59
2015-05-11,38.43
2015-05-12,40.02
2015-05-13,42.96
2015-05-14,38.3
2015-05-15,47.14
2015-05-16,45.8
2015-05-17,32.62
2015-05-18,40.28
2015-05-19,41.59
2015-05-20,19.88
2015-05-21,27.28
2015-05-22,23.14
2015-05-23,17.18
2015-05-24,24.22
2015-05-25,22.49
2015-05-26,32.66
2015-05-27,30.85
2015-05-28,47.31
2015-05-29,0.0
2015-05-30,33.98
2015-05-31,29.48
2015-06-01,26.18
2015-06-02,39.47
2015-06-03,33.91
2015-06-04,30.34
2015-06-05,25.99
2015-06-06,25.2
2015-06-07,22.97
2015-06-08,34.38
2015-06-09,31.89
2015-06-10,35.58
2015-06-11,39.21
2015-06-12,30.14
2015-06-13,23.85
2015-06-14,31.04
2015-06-15,28.29
2015-06-16,29.75
2015-06-17,25.05
2015-06-18,31.86
2015-06-19,32.56
2015-06-20,27.59
2015-06-21,24.39
2015-06-22,31.1
2015-06-23,37.12
2015-06-24,36.72
2015-06-25,35.23
2015-06-26,30.21
2015-06-27,41.93
2015-06-28,20.92
2015-06-29,31.43
2015-06-30,27.04
2015-07-01,33.2
2015-07-02,27.27
2015-07-03,42.26
2015-07-04,27.37
2015-07-05,23.09
2015-07-06,26.6
2015-07-07,43.57
2015-07-08,30.01
2015-07-09,33.5
2015-07-10,33.67
2015-07-11,30.88
2015-07-12,27.35
2015-07-13,31.41
2015-07-14,22.15
2015-07-15,35.51
2015-07-16,21.9
2015-07-17,37.29
2015-07-18,24.62
2015-07-19,31.98
2015-07-20,27.15
2015-07-21,20.37
2015-07-22,28.91
2015-07-23,14.75
2015-07-24,29.87
2015-07-25,19.26
2015-07-26,34.19
2015-07-27,36.41
2015-07-28,33.3
2015-07-29,22.84
2015-07-30,28.29
2015-07-31,38.55
2015-08-01,28.9
2015-08-02,23.59
2015-08-03,27.11
2015-08-04,27.28
2015-08-05,36.13
2015-08-06,37.33
2015-08-07,33.33
2015-08-08,31.09
2015-08-09,29.52
2015-08-10,36.77
2015-08-11,28.41
2015-08-12,32.48
2015-08-13,30.23
2015-08-14,32.48
2015-08-15,26.58
2015-08-16,24.85
2015-08-17,42.39
2015-08-18,29.1
2015-08-19,27.11
2015-08-20,31.7
2015-08-21,31.23
2015-08-22,26.26
2015-08-23,32.98
2015-08-24,31.09
2015-08-25,22.02
2015-08-26,23.05
2015-08-27,33.4
2015-08-28,27.07
2015-08-29,25.4
2015-08-30,27.68
2015-08-31,30.64
2015-09-01,34.41
2015-09-02,34.38
2015-09-03,31.88
2015-09-04,40.8
2015-09-05,35.38
2015-09-06,38.34
2015-09-07,31.63
2015-09-08,30.24
2015-09-09,44.1
2015-09-10,43.35
2015-09-11,35.77
2015-09-12,26.91
2015-09-13,36.02
2015-09-14,43.65
2015-09-15,44.08
2015-09-16,41.0
2015-09-17,35.53
2015-09-18,26.2
2015-09-19,29.29
2015-09-20,32.27
2015-09-21,29.2
2015-09-22,35.67
2015-09-23,20.38
2015-09-24,37.56
2015-09-25,26.37
2015-09-26,32.45
2015-09-27,25.96
2015-09-28,38.5
2015-09-29,29.89
2015-09-30,32.68
2015-10-01,33.59
2015-10-02,31.29
2015-10-03,36.48
2015-10-04,30.4
2015-10-05,34.84
2015-10-06,36.65
2015-10-07,23.64
2015-10-08,37.71
2015-10-09,39.2
2015-10-10,33.92
2015-10-11,30.03
2015-10-12,31.85
2015-10-13,36.42
2015-10-14,25.12
2015-10-15,26.91
2015-10-16,35.29
2015-10-17,32.51
2015-10-18,29.57
2015-10-19,24.29
2015-10-20,36.3
2015-10-21,36.24
2015-10-22,39.98
2015-10-23,30.64
2015-10-24,27.2
2015-10-25,29.89
2015-10-26,35.07
2015-10-27,34.8
2015-10-28,37.12
2015-10-29,31.59
2015-10-30,27.25
2015-10-31,29.21
2015-11-01,28.58
2015-11-02,24.2
2015-11-03,28.34
2015-11-04,32.32
2015-11-05,21.14
2015-11-06,26.16
2015-11-07,27.62
2015-11-08,23.31
2015-11-09,32.8
2015-11-10,41.36
2015-11-11,42.22
2015-11-12,36.82
2015-11-13,17.58
2015-11-14,16.06
2015-11-15,18.33
2015-11-16,24.34
2015-11-17,28.63
2015-11-18,38.18
2015-11-19,33.46
2015-11-20,44.85
2015-11-21,33.43
2015-11-22,28.93
2015-11-23,36.23
2015-11-24,25.03
2015-11-25,28.27
2015-11-26,26.63
2015-11-27,28.12
2015-11-28,33.49
2015-11-29,32.74
2015-11-30,28.89
2015-12-01,28.63
2015-12-02,29.6
2015-12-03,32.2
2015-12-04,35.63
2015-12-05,33.44
2015-12-06,35.84
2015-12-07,44.3
2015-12-08,40.61
2015-12-09,42.35
2015-12-10,38.03
2015-12-11,38.69
2015-12-12,19.91
2015-12-13,31.7
2015-12-14,33.57
2015-12-15,39.85
2015-12-16,37.58
2015-12-17,37.91
2015-12-18,39.61
2015-12-19,36.03
2015-12-20,39.37
2015-12-21,38.37
2015-12-22,51.93
2015-12-23,32.04
2015-12-24,22.64
2015-12-25,45.35
2015-12-26,43.92
2015-12-27,43.95
2015-12-28,46.33
2015-12-29,52.6
2015-12-30,48.34
2015-12-31,46.69
2016-01-01,44.0
2016-01-02,42.83
2016-01-03,39.69
2016-01-04,40.89
2016-01-05,50.66
2016-01-06,39.13
2016-01-07,43.29
2016-01-08,40.33
2016-01-09,46.84
2016-01-10,46.23
2016-01-11,42.86
2016-01-12,44.08
2016-01-13,43.02
2016-01-14,36.83
2016-01-15,44.95
2016-01-16,45.75
2016-01-17,53.61
2016-01-18,42.32
2016-01-19,49.03
2016-01-20,46.29
2016-01-21,40.79
2016-01-22,44.31
2016-01-23,37.64
2016-01-24,35.28
2016-01-25,35.64
2016-01-26,40.36
2016-01-27,52.82
2016-01-28,48.61
2016-01-29,43.96
2016-01-30,52.15
2016-01-31,45.44
2016-02-01,41.35
2016-02-02,48.09
2016-02-03,42.46
2016-02-04,52.28
2016-02-05,39.74
2016-02-06,50.81
2016-02-07,53.56
2016-02-08,49.57
2016-02-09,26.93
2016-02-10,41.03
2016-02-11,43.73
2016-02-12,48.89
2016-02-13,48.59
2016-02-14,49.02
2016-02-15,53.37
2016-02-16,39.68
2016-02-17,47.99
2016-02-18,30.06
2016-02-19,50.51
2016-02-20,49.39
2016-02-21,50.87
2016-02-22,45.86
2016-02-23,40.02
2016-02-24,51.57
2016-02-25,49.57
2016-02-26,43.6
2016-02-27,43.6
2016-02-28,39.8
2016-02-29,37.14
2016-03-01,40.5
2016-03-02,36.99
2016-03-03,46.52
2016-03-04,45.51
2016-03-05,49.26
2016-03-06,47.86
2016-03-07,46.81
2016-03-08,43.89
2016-03-09,43.02
2016-03-10,32.73
2016-03-11,36.7
2016-03-12,44.01
2016-03-13,46.52
2016-03-14,46.57
2016-03-15,47.44
2016-03-16,44.12
2016-03-17,47.18
2016-03-18,47.23
2016-03-19,47.44
2016-03-20,38.22
2016-03-21,48.36
2016-03-22,43.02
2016-03-23,38.76
2016-03-24,43.07
2016-03-25,46.85
2016-03-26,41.41
2016-03-27,38.49
2016-03-28,41.64
2016-03-29,38.8
2016-03-30,45.67
2016-03-31,44.67
2016-04-01,43.59
2016-04-02,45.92
2016-04-03,44.2
2016-04-04,66.56
2016-04-05,39.58
2016-04-06,52.15
2016-04-07,40.99
2016-04-08,44.08
2016-04-09,38.31
2016-04-10,37.91
2016-04-11,41.05
2016-04-12,39.94
2016-04-13,41.31
2016-04-14,38.38
2016-04-15,31.03
2016-04-16,36.6
2016-04-17,36.74
2016-04-18,37.77
2016-04-19,41.16
2016-04-20,43.84
2016-04-21,45.64
2016-04-22,37.6
2016-04-23,41.55
2016-04-24,42.56
2016-04-25,44.62
2016-04-26,42.97
2016-04-27,50.21
2016-04-28,44.86
2016-04-29,57.0
2016-04-30,40.47
2016-05-01,44.2
2016-05-02,42.65
2016-05-03,36.85
2016-05-04,45.32
2016-05-05,43.21
2016-05-06,42.64
2016-05-07,40.41
2016-05-08,45.44
2016-05-09,42.11
2016-05-10,47.07
2016-05-11,52.98
2016-05-12,50.48
2016-05-13,51.42
2016-05-14,41.93
2016-05-15,45.56
2016-05-16,45.46
2016-05-17,45.78
2016-05-18,40.12
2016-05-19,46.59
2016-05-20,44.15
2016-05-21,46.79
2016-05-22,49.07
2016-05-23,46.58
2016-05-24,27.73
2016-05-25,38.81
2016-05-26,27.35
2016-05-27,43.95
2016-05-28,46.67
2016-05-29,47.92
2016-05-30,44.34
2016-05-31,48.21
2016-06-01,48.56
2016-06-02,42.66
2016-06-03,45.89
2016-06-04,44.92
2016-06-05,46.07
2016-06-06,43.91
2016-06-07,45.02
2016-06-08,44.04
2016-06-09,42.56
2016-06-10,46.55
2016-06-11,49.67
2016-06-12,27.27
2016-06-13,42.88
2016-06-14,45.4
2016-06-15,51.68
2016-06-16,39.72
2016-06-17,37.5
2016-06-18,26.98
2016-06-19,31.15
2016-06-20,42.49
2016-06-21,38.8
2016-06-22,25.54
2016-06-23,50.88
2016-06-24,38.46
2016-06-25,42.16
2016-06-26,39.43
2016-06-27,48.34
2016-06-28,41.32
2016-06-29,37.81
2016-06-30,46.38
2016-07-01,41.91
2016-07-02,41.08
2016-07-03,38.07
2016-07-04,41.57
2016-07-05,46.74
2016-07-06,43.66
2016-07-07,42.63
2016-07-08,47.58
2016-07-09,45.83
2016-07-10,39.03
2016-07-11,38.13
2016-07-12,51.93
2016-07-13,43.62
2016-07-14,45.13
2016-07-15,42.73
2016-07-16,41.08
2016-07-17,36.79
2016-07-18,40.04
2016-07-19,48.02
2016-07-20,47.01
2016-07-21,55.08
2016-07-22,42.86
2016-07-23,40.77
2016-07-24,42.88
2016-07-25,43.35
2016-07-26,27.41
2016-07-27,29.09
2016-07-28,40.52
2016-07-29,40.28
2016-07-30,38.75
2016-07-31,46.01
2016-08-01,46.15
2016-08-02,33.47
2016-08-03,45.03
2016-08-04,34.14
2016-08-05,33.3
2016-08-06,42.72
2016-08-07,43.08
2016-08-08,27.43
2016-08-09,35.63
2016-08-10,47.49
2016-08-11,48.3
2016-08-12,45.53
2016-08-13,37.59
2016-08-14,47.92
2016-08-15,45.92
2016-08-16,54.39
2016-08-17,37.31
2016-08-18,44.5
2016-08-19,37.88
2016-08-20,47.68
2016-08-21,45.87
2016-08-22,13.07
2016-08-23,44.89
2016-08-24,30.43
2016-08-25,44.03
2016-08-26,51.97
2016-08-27,42.74
2016-08-28,42.84
2016-08-29,41.39
2016-08-30,43.49
2016-08-31,32.35
2016-09-01,41.41
2016-09-02,34.83
2016-09-03,36.64
2016-09-04,32.8
2016-09-05,32.42
2016-09-06,40.12
2016-09-07,37.45
2016-09-08,34.82
2016-09-09,43.29
2016-09-10,37.97
2016-09-11,40.0
2016-09-12,43.88
2016-09-13,47.24
2016-09-14,40.02
2016-09-15,36.18
2016-09-16,48.13
2016-09-17,41.41
2016-09-18,50.4
2016-09-19,46.56
2016-09-20,39.37
2016-09-21,43.09
2016-09-22,42.67
2016-09-23,50.1
2016-09-24,49.81
2016-09-25,33.94
2016-09-26,40.95
2016-09-27,41.03
2016-09-28,35.45
2016-09-29,48.09
2016-09-30,50.37
2016-10-01,42.24
2016-10-02,38.39
2016-10-03,50.46
2016-10-04,46.6
2016-10-05,43.77
2016-10-06,49.45
2016-10-07,37.97
2016-10-08,42.06
2016-10-09,45.33
2016-10-10,45.72
2016-10-11,23.43
2016-10-12,47.44
2016-10-13,46.44
2016-10-14,49.79
2016-10-15,49.49
2016-10-16,50.91
2016-10-17,50.15
2016-10-18,43.98
2016-10-19,45.1
2016-10-20,50.37
2016-10-21,50.19
2016-10-22,45.13
2016-10-23,55.93
2016-10-24,50.0
2016-10-25,48.88
2016-10-26,44.25
2016-10-27,50.65
2016-10-28,54.03
2016-10-29,52.36
2016-10-30,59.16
2016-10-31,51.92
2016-11-01,56.43
2016-11-02,52.67
2016-11-03,52.37
2016-11-04,52.75
2016-11-05,59.41
2016-11-06,57.03
2016-11-07,46.98
2016-11-08,54.77
2016-11-09,56.68
2016-11-10,52.6
2016-11-11,48.82
2016-11-12,43.72
2016-11-13,47.36
2016-11-14,45.97
2016-11-15,46.83
2016-11-16,41.87
2016-11-17,45.14
2016-11-18,45.38
2016-11-19,44.21
2016-11-20,51.49
2016-11-21,50.85
2016-11-22,33.53
2016-11-23,45.45
2016-11-24,37.47
2016-11-25,41.47
2016-11-26,41.89
2016-11-27,51.51
2016-11-28,45.57
2016-11-29,48.63
2016-11-30,47.09
2016-12-01,48.44
2016-12-02,48.27
2016-12-03,43.04
2016-12-04,48.14
2016-12-05,25.3
2016-12-06,39.46
2016-12-07,38.41
2016-12-08,44.42
2016-12-09,37.24
2016-12-10,39.58
2016-12-11,33.77
2016-12-12,36.44
2016-12-13,29.15
2016-12-14,34.65
2016-12-15,41.73
2016-12-16,34.82
2016-12-17,40.46
2016-12-18,43.5
2016-12-19,45.79
2016-12-20,40.46
2016-12-21,36.07
2016-12-22,45.44
2016-12-23,44.02
2016-12-24,40.39
2016-12-25,43.72
2016-12-26,47.92
2016-12-27,46.02
2016-12-28,48.1
2016-12-29,32.07
2016-12-30,37.88
2016-12-31,44.55
2017-01-01,34.1
2017-01-02,38.37
2017-01-03,46.98
2017-01-04,46.52
2017-01-05,48.74
2017-01-06,41.84
2017-01-07,43.69
2017-01-08,49.01
2017-01-09,44.4
2017-01-10,43.06
2017-01-11,36.96
2017-01-12,29.87
2017-01-13,38.17
2017-01-14,37.49
2017-01-15,39.02
2017-01-16,43.62
2017-01-17,33.52
2017-01-18,44.94
2017-01-19,43.15
2017-01-20,37.1
2017-01-21,44.22
2017-01-22,42.81
2017-01-23,39.98
2017-01-24,39.57
2017-01-25,47.94
2017-01-26,40.97
2017-01-27,47.62
2017-01-28,33.24
2017-01-29,42.55
2017-01-30,41.79
2017-01-31,46.5
2017-02-01,45.14
2017-02-02,50.73
2017-02-03,44.99
2017-02-04,44.53
2017-02-05,44.07
2017-02-06,34.19
2017-02-07,35.89
2017-02-08,39.37
2017-02-09,44.16
2017-02-10,43.3
2017-02-11,46.54
2017-02-12,43.79
2017-02-13,45.13
2017-02-14,49.62
2017-02-15,46.72
2017-02-16,54.55
2017-02-17,49.7
2017-02-18,39.92
2017-02-19,43.12
2017-02-20,44.69
2017-02-21,51.01
2017-02-22,52.0
2017-02-23,42.7
2017-02-24,36.71
2017-02-25,48.3
2017-02-26,47.57
2017-02-27,44.3
2017-02-28,40.69
2017-03-01,41.99
2017-03-02,46.29
2017-03-03,45.64
2017-03-04,47.36
2017-03-05,52.13
2017-03-06,48.5
2017-03-07,48.99
2017-03-08,43.45
2017-03-09,39.61
2017-03-10,48.98
2017-03-11,44.57
2017-03-12,38.4
2017-03-13,41.29
2017-03-14,13.12
2017-03-15,35.77
2017-03-16,38.45
2017-03-17,31.36
2017-03-18,39.59
2017-03-19,41.17
2017-03-20,40.19
2017-03-21,31.54
2017-03-22,31.38
2017-03-23,35.93
2017-03-24,37.7
2017-03-25,41.02
2017-03-26,35.01
2017-03-27,38.5
2017-03-28,33.76
2017-03-29,37.87
2017-03-30,38.2
2017-03-31,38.04
2017-04-01,39.81
2017-04-02,35.95
2017-04-03,45.23
2017-04-04,47.63
2017-04-05,42.64
2017-04-06,44.67
2017-04-07,43.05
2017-04-08,36.47
2017-04-09,49.54
2017-04-10,46.25
2017-04-11,48.76
2017-04-12,46.67
2017-04-13,50.61
2017-04-14,46.62
2017-04-15,48.37
2017-04-16,44.67
2017-04-17,42.69
2017-04-18,42.06
2017-04-19,43.77
2017-04-20,51.15
2017-04-21,41.79
2017-04-22,47.12
2017-04-23,42.29
2017-04-24,43.09
2017-04-25,42.38
2017-04-26,44.63
2017-04-27,43.18
2017-04-28,49.76
2017-04-29,36.59
2017-04-30,31.83
2017-05-01,35.58
2017-05-02,38.38
2017-05-03,42.44
2017-05-04,42.7
2017-05-05,46.09
2017-05-06,45.7
2017-05-07,38.44
2017-05-08,40.71
2017-05-09,29.86
2017-05-10,21.23
2017-05-11,33.91
2017-05-12,36.99
2017-05-13,45.61
2017-05-14,38.41
2017-05-15,37.56
2017-05-16,43.03
2017-05-17,41.33
2017-05-18,30.62
2017-05-19,46.8
2017-05-20,30.36
2017-05-21,39.04
2017-05-22,46.75
2017-05-23,42.62
2017-05-24,33.37
2017-05-25,32.05
2017-05-26,25.33
2017-05-27,27.63
2017-05-28,25.37
2017-05-29,38.45
2017-05-30,35.55
2017-05-31,34.37
2017-06-01,38.58
2017-06-02,32.69
2017-06-03,16.51
2017-06-04,22.63
2017-06-05,37.01
2017-06-06,32.68
2017-06-07,25.98
2017-06-08,37.47
2017-06-09,42.01
2017-06-10,32.42
2017-06-11,48.69
2017-06-12,40.35
2017-06-13,36.07
2017-06-14,41.75
2017-06-15,38.81
2017-06-16,41.05
2017-06-17,44.1
2017-06-18,38.44
2017-06-19,37.73
2017-06-20,38.94
2017-06-21,40.18
2017-06-22,42.41
2017-06-23,46.87
2017-06-24,39.07
2017-06-25,43.63
2017-06-26,41.11
2017-06-27,41.42
2017-06-28,31.87
2017-06-29,27.61
2017-06-30,35.71
2017-07-01,36.3
2017-07-02,36.16
2017-07-03,34.38
2017-07-04,44.66
2017-07-05,39.25
2017-07-06,40.14
2017-07-07,33.06
2017-07-08,26.21
2017-07-09,28.91
2017-07-10,34.41
2017-07-11,50.89
2017-07-12,38.35
2017-07-13,41.15
2017-07-14,38.22
2017-07-15,39.4
2017-07-16,44.49
2017-07-17,36.86
2017-07-18,45.65
2017-07-19,46.98
2017-07-20,35.22
2017-07-21,39.11
2017-07-22,37.93
2017-07-23,41.04
2017-07-24,44.38
2017-07-25,40.56
2017-07-26,36.73
2017-07-27,43.09
2017-07-28,45.38
2017-07-29,39.28
2017-07-30,45.61
2017-07-31,44.23
2017-08-01,42.57
2017-08-02,34.91
2017-08-03,37.65
2017-08-04,40.9
2017-08-05,26.53
2017-08-06,39.08
2017-08-07,33.94
2017-08-08,26.72
2017-08-09,36.09
2017-08-10,39.54
2017-08-11,36.44
2017-08-12,28.7
2017-08-13,38.38
2017-08-14,30.49
2017-08-15,42.52
2017-08-16,45.03
2017-08-17,37.04
2017-08-18,50.73
2017-08-19,39.3
2017-08-20,31.96
2017-08-21,39.52
2017-08-22,41.56
2017-08-23,30.66
2017-08-24,42.79
2017-08-25,43.21
2017-08-26,41.6
2017-08-27,48.63
2017-08-28,48.34
2017-08-29,50.05
2017-08-30,44.7
2017-08-31,40.9
2017-09-01,43.9
2017-09-02,43.97
2017-09-03,44.74
2017-09-04,47.99
2017-09-05,45.1
2017-09-06,47.62
2017-09-07,45.75
2017-09-08,43.3
2017-09-09,37.82
2017-09-10,46.18
2017-09-11,39.43
2017-09-12,40.79
2017-09-13,43.86
2017-09-14,35.34
2017-09-15,48.19
2017-09-16,36.31
2017-09-17,40.04
2017-09-18,43.57
2017-09-19,40.86
2017-09-20,38.46
2017-09-21,38.58
2017-09-22,44.94
2017-09-23,46.27
2017-09-24,42.37
2017-09-25,61.14
2017-09-26,49.85
2017-09-27,46.78
2017-09-28,50.0
2017-09-29,52.1
2017-09-30,47.13
2017-10-01,54.31
2017-10-02,50.73
2017-10-03,51.21
2017-10-04,45.5
2017-10-05,47.43
2017-10-06,46.07
2017-10-07,47.45
2017-10-08,46.48
2017-10-09,47.65
2017-10-10,44.74
2017-10-11,49.75
2017-10-12,43.22
2017-10-13,50.32
2017-10-14,44.53
2017-10-15,48.77
2017-10-16,50.89
2017-10-17,53.66
2017-10-18,49.45
2017-10-19,52.61
2017-10-20,51.66
2017-10-21,48.63
2017-10-22,40.12
2017-10-23,47.18
2017-10-24,42.04
2017-10-25,45.57
2017-10-26,46.44
2017-10-27,46.98
2017-10-28,46.74
2017-10-29,52.41
2017-10-30,39.14
2017-10-31,46.01
2017-11-01,45.88
2017-11-02,51.05
2017-11-03,34.03
2017-11-04,42.09
2017-11-05,45.3
2017-11-06,44.99
2017-11-07,50.75
2017-11-08,49.45
2017-11-09,53.15
2017-11-10,56.79
2017-11-11,50.98
2017-11-12,49.43
2017-11-13,48.44
2017-11-14,55.02
2017-11-15,54.47
2017-11-16,55.82
2017-11-17,55.4
2017-11-18,48.52
2017-11-19,51.84
2017-11-20,54.88
2017-11-21,56.15
2017-11-22,52.62
2017-11-23,62.39
2017-11-24,52.51
2017-11-25,55.86
2017-11-26,55.77
2017-11-27,57.9
2017-11-28,53.4
2017-11-29,57.66
2017-11-30,54.91
2017-12-01,37.2
2017-12-02,50.41
2017-12-03,37.14
2017-12-04,54.53
2017-12-05,50.95
2017-12-06,57.29
2017-12-07,55.48
2017-12-08,55.48
2017-12-09,53.46
2017-12-10,53.11
2017-12-11,39.01
2017-12-12,46.63
2017-12-13,57.57
2017-12-14,51.06
2017-12-15,50.14
2017-12-16,45.76
2017-12-17,46.56
2017-12-18,45.43
2017-12-19,47.07
2017-12-20,49.22
2017-12-21,54.86
2017-12-22,54.97
2017-12-23,59.5
2017-12-24,60.63
2017-12-25,58.27
2017-12-26,55.42
2017-12-27,49.68
2017-12-28,46.2
2017-12-29,32.27
2017-12-30,41.68
2017-12-31,49.7
2018-01-01,45.78
2018-01-02,45.65
2018-01-03,44.22
2018-01-04,53.01
2018-01-05,42.95
2018-01-06,45.45
2018-01-07,47.35
2018-01-08,49.73
2018-01-09,49.8
2018-01-10,40.44
2018-01-11,48.55
2018-01-12,53.97
2018-01-13,52.86
2018-01-14,60.06
2018-01-15,52.02
2018-01-16,56.6
2018-01-17,53.51
2018-01-18,57.37
2018-01-19,57.73
2018-01-20,62.1
2018-01-21,56.58
2018-01-22,50.65
2018-01-23,53.15
2018-01-24,47.76
2018-01-25,54.15
2018-01-26,49.49
2018-01-27,60.0
2018-01-28,50.97
2018-01-29,56.47
2018-01-30,58.67
2018-01-31,55.92
2018-02-01,54.62
2018-02-02,59.66
2018-02-03,52.91
2018-02-04,45.81
2018-02-05,47.35
2018-02-06,52.8
2018-02-07,52.4
2018-02-08,54.16
2018-02-09,50.05
2018-02-10,54.08
2018-02-11,49.3
2018-02-12,51.51
2018-02-13,58.59
2018-02-14,59.6
2018-02-15,58.53
2018-02-16,63.65
2018-02-17,57.44
2018-02-18,59.25
2018-02-19,53.71
2018-02-20,55.22
2018-02-21,52.15
2018-02-22,57.7
2018-02-23,56.47
2018-02-24,59.29
2018-02-25,58.63
2018-02-26,46.53
2018-02-27,55.39
2018-02-28,49.1
2018-03-01,52.24
2018-03-02,56.47
2018-03-03,53.53
2018-03-04,58.58
2018-03-05,59.82
2018-03-06,58.41
2018-03-07,55.77
2018-03-08,53.43
2018-03-09,52.31
2018-03-10,48.41
2018-03-11,55.0
2018-03-12,57.58
2018-03-13,58.48
2018-03-14,49.95
2018-03-15,53.91
2018-03-16,50.6
2018-03-17,52.5
2018-03-18,59.38
2018-03-19,47.08
2018-03-20,52.85
2018-03-21,49.36
2018-03-22,52.9
2018-03-23,45.95
2018-03-24,53.82
2018-03-25,49.9
2018-03-26,56.06
2018-03-27,48.56
2018-03-28,47.85
2018-03-29,43.11
2018-03-30,54.2
2018-03-31,50.97
2018-04-01,48.39
2018-04-02,45.45
2018-04-03,52.01
2018-04-04,45.9
2018-04-05,48.53
2018-04-06,49.04
2018-04-07,46.39
2018-04-08,49.15
2018-04-09,50.2
2018-04-10,57.08
2018-04-11,49.08
2018-04-12,49.27
2018-04-13,51.78
2018-04-14,47.45
2018-04-15,45.24
2018-04-16,44.53
2018-04-17,46.79
2018-04-18,52.44
2018-04-19,49.15
2018-04-20,49.95
2018-04-21,55.07
2018-04-22,57.4
2018-04-23,54.42
2018-04-24,51.55
2018-04-25,42.14
2018-04-26,53.71
2018-04-27,54.11
2018-04-28,49.95
2018-04-29,50.45
2018-04-30,48.35
2018-05-01,43.55
2018-05-02,43.89
2018-05-03,56.41
2018-05-04,48.18
2018-05-05,48.39
2018-05-06,49.86
2018-05-07,48.6
2018-05-08,49.25
2018-05-09,44.6
2018-05-10,48.95
2018-05-11,48.7
2018-05-12,43.07
2018-05-13,51.65
2018-05-14,49.35
2018-05-15,52.71
2018-05-16,51.59
2018-05-17,51.76
2018-05-18,50.0
2018-05-19,52.43
2018-05-20,52.42
2018-05-21,54.07
2018-05-22,53.46
2018-05-23,47.91
2018-05-24,49.36
2018-05-25,54.89
2018-05-26,53.59
2018-05-27,49.09
2018-05-28,52.83
2018-05-29,51.0
2018-05-30,51.21
2018-05-31,51.25
2018-06-01,48.18
2018-06-02,44.1
2018-06-03,47.44
2018-06-04,51.1
2018-06-05,48.63
2018-06-06,52.25
2018-06-07,46.8
2018-06-08,48.9
2018-06-09,44.72
2018-06-10,44.03
2018-06-11,49.0
2018-06-12,51.19
2018-06-13,49.63
2018-06-14,52.97
2018-06-15,49.91
2018-06-16,46.8
2018-06-17,50.7
2018-06-18,48.09
2018-06-19,51.7
2018-06-20,41.58
2018-06-21,47.35
2018-06-22,52.94
2018-06-23,48.95
2018-06-24,52.56
2018-06-25,54.0
2018-06-26,45.0
2018-06-27,49.82
2018-06-28,51.73
2018-06-29,47.11
2018-06-30,46.88
2018-07-01,47.71
2018-07-02,43.88
2018-07-03,39.96
2018-07-04,44.93
2018-07-05,52.33
2018-07-06,47.68
2018-07-07,44.86
2018-07-08,43.95
2018-07-09,41.18
2018-07-10,45.39
2018-07-11,45.73
2018-07-12,51.69
2018-07-13,48.65
2018-07-14,43.11
2018-07-15,47.76
2018-07-16,49.45
2018-07-17,48.88
2018-07-18,47.87
2018-07-19,43.94
2018-07-20,49.16
2018-07-21,47.4
2018-07-22,46.95
2018-07-23,44.2
2018-07-24,47.45
2018-07-25,50.96
2018-07-26,49.77
2018-07-27,39.6
2018-07-28,43.62
2018-07-29,44.82
2018-07-30,47.44
2018-07-31,48.95
2018-08-01,37.96
2018-08-02,50.23
2018-08-03,46.57
2018-08-04,43.5
2018-08-05,53.62
2018-08-06,52.09
2018-08-07,51.72
2018-08-08,51.11
2018-08-09,47.07
2018-08-10,47.9
2018-08-11,46.81
2018-08-12,52.16
2018-08-13,45.0
2018-08-14,52.97
2018-08-15,51.83
2018-08-16,53.78
2018-08-17,53.8
2018-08-18,52.02
2018-08-19,53.28
2018-08-20,58.62
2018-08-21,52.5
2018-08-22,54.15
2018-08-23,51.7
2018-08-24,45.69
2018-08-25,51.89
2018-08-26,51.41
2018-08-27,47.2
2018-08-28,50.96
2018-08-29,53.47
2018-08-30,53.76
2018-08-31,51.33
2018-09-01,49.27
2018-09-02,56.5
2018-09-03,53.41
2018-09-04,51.28
2018-09-05,50.64
2018-09-06,53.42
2018-09-07,51.87
2018-09-08,44.26
2018-09-09,55.89
2018-09-10,48.35
2018-09-11,51.59
2018-09-12,50.05
2018-09-13,49.03
2018-09-14,42.31
2018-09-15,36.91
2018-09-16,38.21
2018-09-17,52.33
2018-09-18,50.82
2018-09-19,51.75
2018-09-20,54.66
2018-09-21,51.46
2018-09-22,47.57
2018-09-23,51.78
2018-09-24,53.7
2018-09-25,47.62
2018-09-26,55.9
2018-09-27,49.91
2018-09-28,53.54
2018-09-29,54.1
2018-09-30,52.1
2018-10-01,54.58
2018-10-02,54.03
2018-10-03,50.25
2018-10-04,56.4
2018-10-05,50.51
2018-10-06,59.78
2018-10-07,53.05
2018-10-08,45.75
2018-10-09,51.59
2018-10-10,50.68
2018-10-11,55.4
2018-10-12,52.3
2018-10-13,49.8
2018-10-14,42.9
2018-10-15,45.74
2018-10-16,48.18
2018-10-17,47.7
2018-10-18,47.9
2018-10-19,49.91
2018-10-20,52.78
2018-10-21,48.54
2018-10-22,49.3
2018-10-23,47.18
2018-10-24,46.65
2018-10-25,55.61
2018-10-26,53.61
2018-10-27,47.61
2018-10-28,52.15
2018-10-29,50.64
2018-10-30,56.5
2018-10-31,54.03
2018-11-01,54.84
2018-11-02,42.86
2018-11-03,46.81
2018-11-04,55.86
2018-11-05,53.9
2018-11-06,53.73
2018-11-07,57.06
2018-11-08,51.4
2018-11-09,52.42
2018-11-10,52.46
2018-11-11,51.58
2018-11-12,39.76
2018-11-13,44.33
2018-11-14,49.63
2018-11-15,41.61
2018-11-16,46.63
2018-11-17,50.5
2018-11-18,43.15
2018-11-19,54.47
2018-11-20,48.57
2018-11-21,51.05
2018-11-22,36.84
2018-11-23,29.8
2018-11-24,38.86
2018-11-25,40.18
2018-11-26,35.65
2018-11-27,33.33
2018-11-28,43.05
2018-11-29,44.44
2018-11-30,46.79
2018-12-01,41.51
2018-12-02,45.5
2018-12-03,47.42
2018-12-04,43.31
2018-12-05,40.0
2018-12-06,40.24
2018-12-07,41.28
2018-12-08,34.4
2018-12-09,38.4
2018-12-10,45.82
2018-12-11,49.77
2018-12-12,47.2
2018-12-13,49.38
2018-12-14,50.23
2018-12-15,49.25
2018-12-16,46.14
2018-12-17,45.51
2018-12-18,46.76
2018-12-19,58.43
2018-12-20,50.0
2018-12-21,53.64
2018-12-22,53.29
2018-12-23,51.02
2018-12-24,53.28
2018-12-25,46.36
2018-12-26,47.69
2018-12-27,49.54
2018-12-28,48.3
2018-12-29,45.61
2018-12-30,43.63
2018-12-31,42.59
2019-01-01,38.83
2019-01-02,49.22
2019-01-03,52.02
2019-01-04,46.68
2019-01-05,44.27
2019-01-06,42.52
2019-01-07,46.5
2019-01-08,47.4
2019-01-09,52.68
2019-01-10,44.22
2019-01-11,42.88
2019-01-12,51.71
2019-01-13,43.33
2019-01-14,49.68
2019-01-15,48.4
2019-01-16,42.84
2019-01-17,51.59
2019-01-18,44.8
2019-01-19,51.56
2019-01-20,46.89
2019-01-21,50.49
2019-01-22,41.25
2019-01-23,42.57
2019-01-24,43.14
2019-01-25,51.1
2019-01-26,46.93
2019-01-27,47.31
2019-01-28,43.9
2019-01-29,35.61
2019-01-30,42.45
2019-01-31,37.7
2019-02-01,44.58
2019-02-02,45.45
2019-02-03,47.79
2019-02-04,48.04
2019-02-05,48.39
2019-02-06,40.11
2019-02-07,33.53
2019-02-08,42.47
2019-02-09,42.05
2019-02-10,35.18
2019-02-11,39.93
2019-02-12,43.23
2019-02-13,40.83
2019-02-14,32.48
2019-02-15,35.83
2019-02-16,45.9
2019-02-17,40.46
2019-02-18,45.37
2019-02-19,55.16
2019-02-20,46.44
2019-02-21,41.7
2019-02-22,47.48
2019-02-23,42.28
2019-02-24,41.26
2019-02-25,32.87
2019-02-26,41.31
2019-02-27,40.9
2019-02-28,44.86
2019-03-01,43.62
2019-03-02,41.94
2019-03-03,43.53
2019-03-04,40.57
2019-03-05,40.39
2019-03-06,39.32
2019-03-07,51.6
2019-03-08,48.77
2019-03-09,44.32
2019-03-10,38.95
2019-03-11,42.83
2019-03-12,30.46
2019-03-13,45.51
2019-03-14,41.9
2019-03-15,40.37
2019-03-16,41.2
2019-03-17,43.62
2019-03-18,46.4
2019-03-19,40.11
2019-03-20,44.51
2019-03-21,49.27
2019-03-22,38.73
2019-03-23,47.3
2019-03-24,47.25
2019-03-25,47.2
2019-03-26,40.53
2019-03-27,38.76
2019-03-28,51.1
2019-03-29,45.31
2019-03-30,49.58
2019-03-31,48.39
2019-04-01,38.24
2019-04-02,49.04
2019-04-03,50.6
2019-04-04,49.73
2019-04-05,47.98
2019-04-06,44.64
2019-04-07,45.85
2019-04-08,45.7
2019-04-09,41.4
2019-04-10,42.54
2019-04-11,44.8
2019-04-12,48.95
2019-04-13,44.15
2019-04-14,40.9
2019-04-15,39.72
2019-04-16,43.42
2019-04-17,52.0
2019-04-18,49.35
2019-04-19,49.33
2019-04-20,44.54
2019-04-21,49.63
2019-04-22,53.88
2019-04-23,52.97
2019-04-24,50.4
2019-04-25,55.72
2019-04-26,47.89
2019-04-27,50.7
2019-04-28,49.44
2019-04-29,42.98
2019-04-30,46.07
2019-05-01,45.3
2019-05-02,52.28
2019-05-03,45.33
2019-05-04,41.37
2019-05-05,46.76
2019-05-06,49.45
2019-05-07,48.4
2019-05-08,48.45
2019-05-09,53.75
2019-05-10,45.72
2019-05-11,47.83
2019-05-12,47.96
2019-05-13,43.66
2019-05-14,51.09
2019-05-15,49.03
2019-05-16,50.5
2019-05-17,52.5
2019-05-18,50.0
2019-05-19,48.45
2019-05-20,50.82
2019-05-21,47.04
2019-05-22,52.41
2019-05-23,48.94
2019-05-24,38.6
2019-05-25,38.79
2019-05-26,45.83
2019-05-27,49.12
2019-05-28,40.11
2019-05-29,53.24
2019-05-30,46.12
2019-05-31,44.79
2019-06-01,45.26
2019-06-02,38.92
2019-06-03,43.41
2019-06-04,43.04
2019-06-05,43.4
2019-06-06,45.95
2019-06-07,38.05
2019-06-08,42.29
2019-06-09,39.54
2019-06-10,37.99
2019-06-11,52.17
2019-06-12,46.64
2019-06-13,46.99
2019-06-14,47.77
2019-06-15,43.15
2019-06-16,38.67
2019-06-17,45.05
2019-06-18,49.91
2019-06-19,43.6
2019-06-20,43.03
2019-06-21,41.6
2019-06-22,34.96
2019-06-23,38.51
2019-06-24,42.66
2019-06-25,41.4
2019-06-26,43.57
2019-06-27,46.3
2019-06-28,47.31
2019-06-29,46.57
2019-06-30,49.86
2019-07-01,36.7
2019-07-02,39.2
2019-07-03,45.27
2019-07-04,44.13
2019-07-05,44.76
2019-07-06,43.29
2019-07-07,51.19
2019-07-08,48.23
2019-07-09,43.24
2019-07-10,42.79
2019-07-11,32.76
2019-07-12,42.62
2019-07-13,38.65
2019-07-14,36.61
2019-07-15,46.46
2019-07-16,46.3
2019-07-17,44.54
2019-07-18,49.81
2019-07-19,45.58
2019-07-20,37.79
2019-07-21,45.24
2019-07-22,41.14
2019-07-23,38.94
2019-07-24,50.65
2019-07-25,47.62
2019-07-26,43.73
2019-07-27,45.54
2019-07-28,47.87
2019-07-29,49.59
2019-07-30,53.2
2019-07-31,39.0
2019-08-01,45.02
2019-08-02,42.6
2019-08-03,40.65
2019-08-04,41.08
2019-08-05,33.33
2019-08-06,45.33
2019-08-07,48.1
2019-08-08,43.22
2019-08-09,47.15
2019-08-10,24.22
2019-08-11,35.61
2019-08-12,48.01
2019-08-13,38.56
2019-08-14,39.65
2019-08-15,41.51
2019-08-16,47.95
2019-08-17,43.52
2019-08-18,38.26
2019-08-19,42.34
2019-08-20,47.21
2019-08-21,56.09
2019-08-22,41.09
2019-08-23,40.48
2019-08-24,36.38
2019-08-25,37.34
2019-08-26,33.4
2019-08-27,38.85
2019-08-28,40.92
2019-08-29,36.19
2019-08-30,38.13
2019-08-31,39.57
2019-09-01,39.49
2019-09-02,40.7
2019-09-03,36.43
2019-09-04,39.1
2019-09-05,27.02
2019-09-06,32.03
2019-09-07,29.56
2019-09-08,34.31
2019-09-09,38.57
2019-09-10,38.71
2019-09-11,43.28
2019-09-12,48.31
2019-09-13,36.88
2019-09-14,42.65
2019-09-15,43.55
2019-09-16,52.95
2019-09-17,48.9
2019-09-18,38.48
2019-09-19,40.41
2019-09-20,38.38
2019-09-21,31.5
2019-09-22,30.68
2019-09-23,33.76
2019-09-24,45.56
2019-09-25,40.2
2019-09-26,44.21
2019-09-27,38.74
2019-09-28,39.98
2019-09-29,38.23
2019-09-30,34.4
2019-10-01,37.97
2019-10-02,42.94
2019-10-03,46.23
2019-10-04,36.72
2019-10-05,40.74
2019-10-06,40.88
2019-10-07,42.9
2019-10-08,44.04
2019-10-09,40.35
2019-10-10,41.34
2019-10-11,36.38
2019-10-12,40.33
2019-10-13,40.74
2019-10-14,43.02
2019-10-15,43.0
2019-10-16,46.8
2019-10-17,44.71
2019-10-18,41.02
2019-10-19,39.62
2019-10-20,39.67
2019-10-21,43.66
2019-10-22,45.05
2019-10-23,44.98
2019-10-24,46.15
2019-10-25,40.52
2019-10-26,41.19
2019-10-27,48.25
2019-10-28,48.03
2019-10-29,47.98
2019-10-30,47.16
2019-10-31,39.37
2019-11-01,38.11
2019-11-02,37.76
2019-11-03,41.86
2019-11-04,42.53
2019-11-05,43.69
2019-11-06,42.75
2019-11-07,39.41
2019-11-08,46.93
2019-11-09,40.5
2019-11-10,51.8
2019-11-11,46.05
2019-11-12,46.51
2019-11-13,43.81
2019-11-14,41.94
2019-11-15,43.05
2019-11-16,44.38
2019-11-17,52.46
2019-11-18,48.18
2019-11-19,48.99
2019-11-20,52.9
2019-11-21,50.14
2019-11-22,45.62
2019-11-23,36.27
2019-11-24,44.79
2019-11-25,48.08
2019-11-26,43.8
2019-11-27,46.28
2019-11-28,47.39
2019-11-29,42.24
2019-11-30,39.89
2019-12-01,33.65
2019-12-02,37.43
2019-12-03,35.55
2019-12-04,44.72
2019-12-05,45.6
2019-12-06,43.97
2019-12-07,39.65
2019-12-08,44.34
2019-12-09,52.57
2019-12-10,49.16
2019-12-11,43.46
2019-12-12,42.41
2019-12-13,39.3
2019-12-14,42.1
2019-12-15,52.33
2019-12-16,45.38
2019-12-17,51.1
2019-12-18,51.09
2019-12-19,51.55
2019-12-20,46.53
2019-12-21,48.17
2019-12-22,49.31
2019-12-23,48.18
2019-12-24,44.22
2019-12-25,45.37
2019-12-26,41.45
2019-12-27,44.77
2019-12-28,44.74
2019-12-29,47.32
2019-12-30,45.76
2019-12-31,45.86
2020-01-01,51.05
2020-01-02,51.1
2020-01-03,45.29
2020-01-04,49.3
2020-01-05,50.25
2020-01-06,30.93
2020-01-07,32.47
2020-01-08,42.22
2020-01-09,44.0
2020-01-10,38.2
2020-01-11,42.13
2020-01-12,39.58
2020-01-13,45.37
2020-01-14,48.22
2020-01-15,41.62
2020-01-16,45.9
2020-01-17,41.93
2020-01-18,46.15
2020-01-19,39.71
2020-01-20,46.06
2020-01-21,51.06
2020-01-22,42.0
2020-01-23,39.7
2020-01-24,49.3
2020-01-25,48.35
2020-01-26,46.6
2020-01-27,45.25
2020-01-28,51.25
2020-01-29,47.81
2020-01-30,47.71
2020-01-31,45.94
2020-02-01,49.13
2020-02-02,45.72
2020-02-03,48.0
2020-02-04,41.13
2020-02-05,51.91
2020-02-06,48.53
2020-02-07,45.83
2020-02-08,42.2
2020-02-09,40.07
2020-02-10,42.14
2020-02-11,50.5
2020-02-12,51.46
2020-02-13,50.09
2020-02-14,50.92
2020-02-15,49.2
2020-02-16,45.85
2020-02-17,27.76
2020-02-18,44.9
2020-02-19,49.85
2020-02-20,47.05
2020-02-21,51.0
2020-02-22,46.4
2020-02-23,46.9
2020-02-24,46.05
2020-02-25,49.85
2020-02-26,43.0
2020-02-27,43.0
2020-02-28,44.93
2020-02-29,38.88
2020-03-01,42.24
2020-03-02,51.09
2020-03-03,51.0
2020-03-04,52.3
2020-03-05,48.05
2020-03-06,50.69
2020-03-07,50.97
2020-03-08,46.09
2020-03-09,48.63
2020-03-10,55.63
2020-03-11,59.6
2020-03-12,56.3
2020-03-13,50.3
2020-03-14,54.18
2020-03-15,48.55
2020-03-16,54.16
2020-03-17,52.4
2020-03-18,55.96
2020-03-19,53.66
2020-03-20,51.3
2020-03-21,49.33
2020-03-22,56.7
2020-03-23,45.97
2020-03-24,48.6
2020-03-25,55.29
2020-03-26,50.51
2020-03-27,50.64
2020-03-28,43.04
2020-03-29,45.4
2020-03-30,49.09
2020-03-31,29.78
2020-04-01,44.56
2020-04-02,44.99
2020-04-03,51.75
2020-04-04,49.48
2020-04-05,45.85
2020-04-06,46.59
2020-04-07,46.95
2020-04-08,55.8
2020-04-09,45.5
2020-04-10,50.5
2020-04-11,46.98
2020-04-12,49.09
2020-04-13,57.04
2020-04-14,55.9
2020-04-15,56.6
2020-04-16,54.25
2020-04-17,52.25
2020-04-18,50.25
2020-04-19,51.85
2020-04-20,49.03
2020-04-21,57.31
2020-04-22,54.76
2020-04-23,54.25
2020-04-24,53.0
2020-04-25,44.31
2020-04-26,45.7
2020-04-27,50.6
2020-04-28,50.35
2020-04-29,47.95
2020-04-30,51.2
2020-05-01,51.8
2020-05-02,48.35
2020-05-03,46.5
2020-05-04,50.7
2020-05-05,45.05
2020-05-06,42.25
2020-05-07,47.3
2020-05-08,20.72
2020-05-09,35.04
2020-05-10,45.15
2020-05-11,48.17
2020-05-12,52.1
2020-05-13,40.24
2020-05-14,49.45
2020-05-15,43.79
2020-05-16,47.69
2020-05-17,48.6
2020-05-18,53.29
2020-05-19,43.6
2020-05-20,48.1
2020-05-21,56.88
2020-05-22,50.8
2020-05-23,47.0
2020-05-24,37.7
2020-05-25,47.54
2020-05-26,52.45
2020-05-27,49.7
2020-05-28,54.41
2020-05-29,47.75
2020-05-30,52.1
2020-05-31,46.63
2020-06-01,49.9
2020-06-02,48.81
2020-06-03,53.05
2020-06-04,53.2
2020-06-05,51.7
2020-06-06,45.55
2020-06-07,47.5
2020-06-08,53.3
2020-06-09,55.91
2020-06-10,51.35
2020-06-11,56.6
2020-06-12,52.7
2020-06-13,54.1
2020-06-14,52.6
2020-06-15,57.7
2020-06-16,53.75
2020-06-17,56.11
2020-06-18,48.8
2020-06-19,47.7
2020-06-20,52.05
2020-06-21,53.15
2020-06-22,52.31
2020-06-23,57.8
2020-06-24,56.13
2020-06-25,41.49
2020-06-26,51.19
2020-06-27,51.42
2020-06-28,55.31
2020-06-29,53.69
2020-06-30,46.25
2020-07-01,48.7
2020-07-02,53.59
2020-07-03,49.8
2020-07-04,53.35
2020-07-05,52.4
2020-07-06,54.25
2020-07-07,53.56
2020-07-08,53.2
2020-07-09,54.86
2020-07-10,54.2
2020-07-11,51.98
2020-07-12,49.65
2020-07-13,53.5
2020-07-14,35.52
2020-07-15,49.48
2020-07-16,51.8
2020-07-17,50.95
2020-07-18,49.3
2020-07-19,47.55
2020-07-20,50.55
2020-07-21,53.0
2020-07-22,51.25
2020-07-23,56.38
2020-07-24,52.0
2020-07-25,48.5
2020-07-26,49.75
2020-07-27,56.6
2020-07-28,56.76
2020-07-29,57.1
2020-07-30,57.13
2020-07-31,53.1
2020-08-01,52.5
2020-08-02,51.8
2020-08-03,50.6
2020-08-04,56.96
2020-08-05,51.4
2020-08-06,48.0
2020-08-07,54.4
2020-08-08,54.7
2020-08-09,44.1
2020-08-10,54.7
2020-08-11,55.96
2020-08-12,57.0
2020-08-13,50.1
2020-08-14,51.9
2020-08-15,51.3
2020-08-16,55.78
2020-08-17,42.87
2020-08-18,54.1
2020-08-19,52.05
2020-08-20,52.0
2020-08-21,46.4
2020-08-22,45.9
2020-08-23,39.0
2020-08-24,50.7
2020-08-25,47.05
2020-08-26,49.85
2020-08-27,52.4
2020-08-28,56.31
2020-08-29,55.36
2020-08-30,51.2
2020-08-31,47.81
2020-09-01,42.5
2020-09-02,50.65
2020-09-03,51.2
2020-09-04,45.0
2020-09-05,46.05
2020-09-06,40.8
2020-09-07,40.16
2020-09-08,54.3
2020-09-09,48.65
2020-09-10,54.1
2020-09-11,40.04
2020-09-12,27.4
2020-09-13,32.4
2020-09-14,27.8
2020-09-15,23.4
2020-09-16,40.7
2020-09-17,27.4
2020-09-18,46.59
2020-09-19,49.1
2020-09-20,39.18
2020-09-21,47.15
2020-09-22,49.6
2020-09-23,50.6
2020-09-24,45.7
2020-09-25,38.44
2020-09-26,48.4
2020-09-27,43.84
2020-09-28,57.86
2020-09-29,49.15
2020-09-30,50.5
2020-10-01,52.4
2020-10-02,52.4
2020-10-03,51.4
2020-10-04,50.28
2020-10-05,55.2
2020-10-06,48.2
2020-10-07,57.01
2020-10-08,51.78
2020-10-09,48.94
2020-10-10,47.15
2020-10-11,45.35
2020-10-12,56.3
2020-10-13,47.5
2020-10-14,41.8
2020-10-15,50.7
2020-10-16,51.83
2020-10-17,51.88
2020-10-18,48.07
2020-10-19,51.35
2020-10-20,54.45
2020-10-21,53.71
2020-10-22,56.06
2020-10-23,49.9
2020-10-24,59.26
2020-10-25,54.38
2020-10-26,52.76
2020-10-27,54.63
2020-10-28,56.3
2020-10-29,56.5
2020-10-30,52.35
2020-10-31,56.15
2020-11-01,54.48
2020-11-02,56.69
2020-11-03,54.45
2020-11-04,59.2
2020-11-05,55.2
2020-11-06,52.7
2020-11-07,60.56
2020-11-08,57.86
2020-11-09,51.3
2020-11-10,55.56
2020-11-11,56.8
2020-11-12,53.2
2020-11-13,59.4
2020-11-14,48.95
2020-11-15,49.4
2020-11-16,55.2
2020-11-17,57.2
2020-11-18,54.55
2020-11-19,54.4
2020-11-20,50.1
2020-11-21,46.08
2020-11-22,49.32
2020-11-23,45.3
2020-11-24,48.63
2020-11-25,53.4
2020-11-26,50.35
2020-11-27,62.3
2020-11-28,49.86
2020-11-29,54.7
2020-11-30,46.83
2020-12-01,56.69
2020-12-02,53.92
2020-12-03,53.5
2020-12-04,48.9
2020-12-05,44.5
2020-12-06,50.1
2020-12-07,53.9
2020-12-08,53.05
2020-12-09,55.56
2020-12-10,51.7
2020-12-11,49.6
2020-12-12,51.44
2020-12-13,39.6
2020-12-14,47.6
2020-12-15,48.15
2020-12-16,50.7
2020-12-17,43.4
2020-12-18,42.8
2020-12-19,39.44
2020-12-20,40.1
2020-12-21,46.2
2020-12-22,43.34
2020-12-23,55.61
